iso3,month,hdx_alert_level,hdx_value
AB9,2024-02-01,['High concern'],5648.275862068966
AFG,2017-03-01,['Medium concern'],1.0
AFG,2018-02-01,['Medium concern'],1.0
AFG,2018-05-01,['High concern'],2.0
AFG,2018-06-01,['Medium concern'],4647.0
AFG,2018-09-01,['High concern'],0.13
AFG,2019-03-01,['Medium concern'],35111.11111111111
AFG,2019-09-01,"['Medium concern', 'High concern']",4850.11
AFG,2020-04-01,['High concern'],0.11
AFG,2020-08-01,['Medium concern'],34140.90909090909
AFG,2020-09-01,['Medium concern'],4.6
AFG,2021-04-01,['Medium concern'],1.0
AFG,2021-05-01,"['Medium concern', 'High concern']",10027.0
AFG,2021-06-01,['Medium concern'],4.7
AFG,2021-10-01,['High concern'],0.21
AFG,2021-11-01,['High concern'],2.0
AFG,2022-06-01,['High concern'],102386.0
AFG,2022-09-01,['High concern'],0.16
AFG,2023-10-01,"['High concern', 'Medium concern']",211022.30222222224
AFG,2024-07-01,['Medium concern'],133.0
AFG,2025-02-01,['Medium concern'],4.5
AFG,2025-09-01,['Medium concern'],60822.0
AFG,2025-10-01,['Medium concern'],192.0
AFG,2025-11-01,['High concern'],160800.0
AGO,1998-07-01,['Medium concern'],1841.0
AGO,2001-12-01,['Medium concern'],1391.0
AGO,2016-11-01,['Medium concern'],1.0
AGO,2017-11-01,['Medium concern'],1.0
AGO,2018-12-01,['Medium concern'],1.0
AGO,2019-08-01,['High concern'],0.32
AGO,2019-10-01,['Medium concern'],1.0
AGO,2021-01-01,['Medium concern'],1.0
AGO,2021-06-01,['High concern'],0.25
AGO,2022-01-01,['Medium concern'],1.0
AGO,2023-11-01,['Medium concern'],3.2
AGO,2025-05-01,['Medium concern'],3.2
AGO,2026-01-01,['Medium concern'],1.0
ARM,2021-07-01,['High concern'],28.0
ARM,2022-09-01,['High concern'],5187.666666666667
AZE,2020-09-01,['Medium concern'],122.0
AZE,2020-10-01,['Medium concern'],75000.0
AZE,2023-09-01,['Medium concern'],5341.0
BDI,1999-08-01,['Medium concern'],578.0
BDI,2000-08-01,['High concern'],1067.0
BDI,2001-11-01,['Medium concern'],639.0
BDI,2003-07-01,['Medium concern'],542.0
BDI,2005-07-01,['Medium concern'],341.0
BDI,2008-05-01,['Medium concern'],138.0
BDI,2015-01-01,['High concern'],102.0
BDI,2015-11-01,['High concern'],161.0
BDI,2017-07-01,['Medium concern'],0.27
BDI,2020-09-01,['High concern'],102.0
BDI,2020-11-01,['Medium concern'],10.0
BDI,2021-03-01,['Medium concern'],3.8
BDI,2021-05-01,['High concern'],52007.558139534885
BDI,2022-05-01,['Medium concern'],11.0
BDI,2023-01-01,['High concern'],39.0
BDI,2023-06-01,['Medium concern'],3.6
BDI,2024-06-01,['Medium concern'],11.0
BDI,2025-08-01,['Medium concern'],3.4
BEN,2017-05-01,['Medium concern'],1.0
BEN,2020-11-01,['Medium concern'],21.0
BEN,2021-11-01,['Medium concern'],21.0
BEN,2023-08-01,['Medium concern'],1.0
BEN,2024-08-01,['Medium concern'],1.0
BEN,2025-04-01,['High concern'],116.0
BEN,2025-07-01,['Medium concern'],1.0
BFA,2002-02-01,['High concern'],106.0
BFA,2019-01-01,['High concern'],166.0
BFA,2019-12-01,['High concern'],255.0
BFA,2020-02-01,['Medium concern'],3.4
BFA,2020-12-01,['Medium concern'],4.0
BFA,2021-06-01,['Medium concern'],333.0
BFA,2021-11-01,['High concern'],5636.363636363636
BFA,2022-01-01,['High concern'],462.0
BFA,2022-03-01,['Medium concern'],15.0
BFA,2023-01-01,"['Medium concern', 'High concern']",110902.0
BFA,2023-02-01,"['High concern', 'Medium concern']",681.0
BFA,2023-07-01,['Medium concern'],1.0
BFA,2023-11-01,['High concern'],4.1
BFA,2024-05-01,['Medium concern'],1040.0
BFA,2024-08-01,['Medium concern'],1.0
BFA,2026-03-01,['High concern'],8.4
BGD,2017-09-01,['Medium concern'],1.0
BGD,2019-07-01,['Medium concern'],62480.33333333333
BGD,2020-09-01,['Medium concern'],64140.0
BGD,2022-06-01,"['Medium concern', 'High concern']",281054.00440917106
BGD,2022-09-01,['Medium concern'],10.0
BGD,2023-03-01,['High concern'],0.06
BGD,2023-08-01,['Medium concern'],3.6
BGD,2024-02-01,['Medium concern'],0.24
BGD,2024-05-01,['Medium concern'],404255.0
BGD,2024-07-01,['High concern'],174.0
BOL,2017-01-01,['Medium concern'],1.0
BOL,2022-03-01,['Medium concern'],1.0
BOL,2023-02-01,['Medium concern'],1.0
BOL,2024-01-01,['Medium concern'],1.0
BRA,2020-01-01,['Medium concern'],50538.47130799912
BRA,2021-11-01,['Medium concern'],552.0
BRA,2022-01-01,"['Medium concern', 'High concern']",159931.8709677419
BRA,2022-05-01,"['Medium concern', 'High concern']",1247.0
BRA,2023-02-01,['High concern'],677.0
BRA,2024-04-01,['Medium concern'],109588.19838709677
BRA,2024-05-01,['High concern'],250349.6025245441
BRA,2025-05-01,['Medium concern'],60608.70967741933
BRA,2025-11-01,['High concern'],794.0
BRA,2025-12-01,['Medium concern'],61754.99999999998
BWA,2016-11-01,['Medium concern'],1.0
BWA,2018-01-01,['Medium concern'],1.0
BWA,2018-12-01,['Medium concern'],1.0
BWA,2019-10-01,['Medium concern'],1.0
BWA,2024-03-01,['Medium concern'],1.0
BWA,2025-01-01,['Medium concern'],1.0
CAF,2002-05-01,['High concern'],100.0
CAF,2006-06-01,['High concern'],147.0
CAF,2009-06-01,['Medium concern'],101.0
CAF,2010-04-01,['High concern'],114.0
CAF,2012-04-01,['Medium concern'],106.0
CAF,2013-03-01,['Medium concern'],116.0
CAF,2013-04-01,['High concern'],119.0
CAF,2013-12-01,['High concern'],473.0
CAF,2016-10-01,['Medium concern'],101.0
CAF,2017-05-01,"['Medium concern', 'High concern']",784.0
CAF,2018-03-01,['High concern'],0.14
CAF,2018-09-01,['High concern'],0.12
CAF,2019-09-01,['High concern'],0.15
CAF,2020-09-01,['High concern'],0.11
CAF,2020-11-01,['Medium concern'],15.0
CAF,2020-12-01,['Medium concern'],32700.358823529416
CAF,2021-01-01,['Medium concern'],111.0
CAF,2021-03-01,['Medium concern'],4.1
CAF,2021-09-01,['High concern'],181.14
CAF,2022-04-01,['Medium concern'],1.0
CAF,2022-05-01,['Medium concern'],63643.630107526886
CAF,2022-07-01,['High concern'],28.0
CAF,2022-09-01,['High concern'],0.13
CAF,2023-02-01,['Medium concern'],13.0
CAF,2023-06-01,['Medium concern'],5.2
CAF,2023-09-01,['High concern'],0.1
CAF,2024-03-01,['Medium concern'],109.0
CAF,2024-08-01,['Medium concern'],14622.580645161304
CAF,2024-10-01,['High concern'],0.07
CAF,2025-01-01,['Medium concern'],20642.903225806465
CAF,2025-02-01,['Medium concern'],169.0
CAF,2025-09-01,['High concern'],0.07
CAN,2023-05-01,['High concern'],51156.83333333333
CHL,2026-01-01,['High concern'],50953.0
CHN,2019-08-01,['Medium concern'],1991389.8948717949
CHN,2021-07-01,"['Medium concern', 'High concern']",4008840.8124399334
CHN,2022-09-01,['Medium concern'],2017579.947368421
CHN,2023-08-01,['Medium concern'],2336179.8
CHN,2025-07-01,['Medium concern'],958127.9999999998
CIV,2000-10-01,['High concern'],226.0
CIV,2002-10-01,['Medium concern'],118.0
CIV,2003-03-01,['High concern'],238.0
CIV,2004-06-01,['Medium concern'],170.0
CIV,2011-03-01,['High concern'],108.0
CIV,2017-09-01,['Medium concern'],1.0
CIV,2020-10-01,['Medium concern'],14670.0
CIV,2023-11-01,['Medium concern'],18.0
CIV,2024-08-01,['Medium concern'],1.0
CMR,2008-06-01,['High concern'],100.0
CMR,2014-06-01,['High concern'],163.0
CMR,2014-12-01,['High concern'],413.0
CMR,2018-04-01,['Medium concern'],133.0
CMR,2018-05-01,['High concern'],179.0
CMR,2019-10-01,['Medium concern'],5000.0
CMR,2020-01-01,['High concern'],281.0
CMR,2020-10-01,['High concern'],36.0
CMR,2021-04-01,"['Medium concern', 'High concern']",17500.0
CMR,2021-05-01,['Medium concern'],4.1
CMR,2021-09-01,['Medium concern'],11.0
CMR,2021-11-01,['High concern'],54.0
CMR,2021-12-01,['High concern'],10967.000000000002
CMR,2022-06-01,['Medium concern'],199.0
CMR,2022-11-01,['Medium concern'],14.0
CMR,2023-09-01,['Medium concern'],4.1
CMR,2023-11-01,"['Medium concern', 'High concern']",506.0
CMR,2024-08-01,['High concern'],80439.25925925927
CMR,2024-11-01,['Medium concern'],12191.999999999998
CMR,2025-08-01,['Medium concern'],4.0
CMR,2026-02-01,['Medium concern'],9979.0
COD,1998-08-01,['Medium concern'],507.0
COD,1999-08-01,['Medium concern'],1951.0
COD,2001-10-01,['Medium concern'],436.0
COD,2002-04-01,"['Medium concern', 'High concern']",3602.0
COD,2004-12-01,['Medium concern'],104.0
COD,2005-07-01,['Medium concern'],111.0
COD,2006-08-01,['Medium concern'],117.0
COD,2007-02-01,['High concern'],151.0
COD,2008-09-01,"['Medium concern', 'High concern']",320.0
COD,2012-01-01,['Medium concern'],124.0
COD,2012-08-01,['Medium concern'],227.0
COD,2013-03-01,['Medium concern'],291.0
COD,2013-12-01,['High concern'],514.0
COD,2015-04-01,"['Medium concern', 'High concern']",1021.0
COD,2016-06-01,['Medium concern'],140.0
COD,2016-12-01,['Medium concern'],269.0
COD,2017-04-01,['High concern'],611.0
COD,2018-02-01,['Medium concern'],1.0
COD,2018-12-01,['High concern'],741.0
COD,2019-06-01,['High concern'],0.07
COD,2019-10-01,['Medium concern'],53405.041474654376
COD,2020-01-01,['Medium concern'],18965.517241379315
COD,2020-04-01,['Medium concern'],162424.1238752167
COD,2020-07-01,['High concern'],0.09
COD,2020-10-01,['Medium concern'],4.5
COD,2021-01-01,['Medium concern'],239255.4050741608
COD,2021-04-01,['High concern'],33.0
COD,2021-05-01,"['Medium concern', 'High concern']",318222.18996096763
COD,2021-11-01,"['Medium concern', 'High concern']",328753.1748828773
COD,2022-03-01,['Medium concern'],16.0
COD,2022-12-01,['Medium concern'],248927.3448249621
COD,2023-06-01,['Medium concern'],1.0
COD,2023-10-01,"['Medium concern', 'High concern']",604619.9017177137
COD,2024-01-01,['Medium concern'],53941.797162529314
COD,2024-06-01,"['Medium concern', 'High concern']",562898.891949808
COD,2025-01-01,['High concern'],920566.766270515
COD,2025-09-01,['Medium concern'],0.22
COD,2025-11-01,['High concern'],4.6
COD,2025-12-01,['Medium concern'],63330.00000000001
COG,1998-12-01,['Medium concern'],100.0
COG,2009-11-01,['High concern'],100.0
COG,2023-12-01,['High concern'],79208.5
COL,2019-03-01,['Medium concern'],158.0
COL,2020-04-01,['Medium concern'],4.2
COL,2020-08-01,['Medium concern'],147.0
COL,2021-04-01,['High concern'],233.0
COL,2022-01-01,['High concern'],240.0
COL,2023-03-01,['Medium concern'],4.1
COL,2023-08-01,['High concern'],5499.833333333333
COL,2023-12-01,['Medium concern'],211.0
COL,2024-07-01,['Medium concern'],4.1
COL,2025-01-01,"['Medium concern', 'High concern']",539.0
COL,2025-02-01,['High concern'],50087.0
COL,2026-02-01,['Medium concern'],1.0
CUB,2017-09-01,['Medium concern'],1.0
CUB,2020-08-01,['Medium concern'],129799.33333333334
CUB,2022-09-01,['Medium concern'],79763.0
CUB,2024-10-01,['High concern'],135059.0
CUB,2025-10-01,['High concern'],663887.0
CUB,2026-02-01,['Medium concern'],1.0
DJI,2017-09-01,['Medium concern'],1.0
DJI,2018-05-01,['Medium concern'],1.0
DJI,2020-11-01,['Medium concern'],3.0
DJI,2021-11-01,['Medium concern'],10.0
DJI,2022-09-01,['Medium concern'],11.0
DJI,2023-04-01,['High concern'],0.08
DJI,2024-04-01,"['Medium concern', 'High concern']",3.24
DJI,2025-05-01,['High concern'],0.05
DOM,2020-10-01,['Medium concern'],11.0
DOM,2023-11-01,['High concern'],50060.0
DZA,1999-12-01,['Medium concern'],135.0
DZA,2003-09-01,['Medium concern'],159.0
DZA,2007-04-01,['High concern'],113.0
DZA,2008-08-01,['High concern'],133.0
DZA,2016-11-01,['Medium concern'],1.0
DZA,2017-06-01,['Medium concern'],1.0
DZA,2020-04-01,['Medium concern'],1.0
DZA,2021-02-01,['Medium concern'],1.0
DZA,2022-01-01,['Medium concern'],1.0
DZA,2023-01-01,['Medium concern'],1.0
DZA,2023-11-01,['Medium concern'],1.0
DZA,2025-01-01,['Medium concern'],1.0
DZA,2026-01-01,['Medium concern'],1.0
ECU,2018-03-01,['Medium concern'],1.0
ECU,2025-02-01,['Medium concern'],3.5
ECU,2025-09-01,['High concern'],376.0
EGY,2013-07-01,['High concern'],101.0
EGY,2014-02-01,['High concern'],236.0
EGY,2015-02-01,"['Medium concern', 'High concern']",476.0
EGY,2015-09-01,['High concern'],591.0
EGY,2017-11-01,['Medium concern'],416.0
EGY,2019-01-01,['Medium concern'],190.0
EGY,2022-03-01,['Medium concern'],17.0
ERI,1998-06-01,['Medium concern'],636.0
ERI,1999-02-01,['Medium concern'],1846.0
ERI,2005-07-01,['High concern'],161.0
ERI,2008-10-01,['High concern'],166.0
ERI,2017-01-01,['Medium concern'],1.0
ERI,2017-08-01,['Medium concern'],1.0
ERI,2017-10-01,['High concern'],2.0
ERI,2023-09-01,['Medium concern'],3.7
ETH,1998-05-01,['Medium concern'],108.0
ETH,1999-02-01,['Medium concern'],1018.0
ETH,2002-04-01,['Medium concern'],324.0
ETH,2005-04-01,['Medium concern'],404.0
ETH,2007-07-01,"['Medium concern', 'High concern']",819.0
ETH,2009-10-01,['Medium concern'],270.0
ETH,2009-11-01,['High concern'],776.0
ETH,2012-05-01,['Medium concern'],256.0
ETH,2013-01-01,['Medium concern'],266.0
ETH,2014-06-01,['Medium concern'],181.0
ETH,2015-08-01,['Medium concern'],100.0
ETH,2016-04-01,['High concern'],281.0
ETH,2016-10-01,['High concern'],423.0
ETH,2017-04-01,['Medium concern'],1.0
ETH,2018-05-01,['Medium concern'],1.0
ETH,2019-03-01,['Medium concern'],1.0
ETH,2019-05-01,['Medium concern'],105062.31392931392
ETH,2019-09-01,['Medium concern'],0.28
ETH,2020-01-01,['Medium concern'],1.0
ETH,2020-04-01,['Medium concern'],155376.59999999998
ETH,2020-08-01,['High concern'],0.06
ETH,2020-09-01,['Medium concern'],1.0
ETH,2020-10-01,['Medium concern'],113.0
ETH,2020-11-01,"['High concern', 'Medium concern']",28512.699999999997
ETH,2021-03-01,['Medium concern'],1.0
ETH,2021-04-01,['Medium concern'],15.0
ETH,2021-05-01,['High concern'],0.02
ETH,2021-06-01,['Medium concern'],4.7
ETH,2022-01-01,['Medium concern'],11.0
ETH,2022-06-01,['High concern'],2.0
ETH,2022-08-01,['Medium concern'],240263.94571203776
ETH,2023-05-01,['Medium concern'],11.0
ETH,2023-08-01,['Medium concern'],1.0
ETH,2023-11-01,"['Medium concern', 'High concern']",152109.19892473117
ETH,2023-12-01,['Medium concern'],12.0
ETH,2024-04-01,['Medium concern'],4.4
ETH,2025-03-01,['Medium concern'],1373.0
ETH,2025-07-01,['Medium concern'],1.0
ETH,2025-08-01,['Medium concern'],339999.99999999994
ETH,2025-10-01,['Medium concern'],877.0
ETH,2026-02-01,['High concern'],2.0
GHA,2001-05-01,['High concern'],126.0
GHA,2017-05-01,['Medium concern'],1.0
GHA,2020-10-01,['High concern'],35.0
GHA,2021-06-01,['Medium concern'],16.0
GHA,2022-03-01,['Medium concern'],13.0
GHA,2022-11-01,['Medium concern'],18.0
GHA,2024-08-01,['Medium concern'],1.0
GHA,2025-08-01,['Medium concern'],1.0
GIN,1999-06-01,['Medium concern'],353.0
GIN,2000-09-01,['Medium concern'],102.0
GIN,2018-05-01,['Medium concern'],1.0
GMB,2018-08-01,['Medium concern'],1.0
GMB,2019-07-01,['Medium concern'],1.0
GMB,2021-01-01,['Medium concern'],16.0
GMB,2022-01-01,['Medium concern'],22.0
GMB,2022-03-01,['High concern'],5626.0
GMB,2023-06-01,['Medium concern'],21.0
GMB,2024-08-01,['Medium concern'],1.0
GTM,2019-04-01,['Medium concern'],100.0
GTM,2020-11-01,['Medium concern'],1.0
GTM,2021-11-01,['Medium concern'],3.5
GTM,2022-04-01,['Medium concern'],0.26
GTM,2022-06-01,['High concern'],3.6
GTM,2022-10-01,['Medium concern'],1.0
GTM,2023-05-01,"['High concern', 'Medium concern']",101.24
HND,2019-02-01,['High concern'],0.06
HND,2019-05-01,['Medium concern'],104.0
HND,2019-08-01,['Medium concern'],1.0
HND,2019-09-01,['High concern'],2.0
HND,2019-11-01,"['Medium concern', 'High concern']",123.05
HND,2020-04-01,['Medium concern'],3.3
HND,2020-11-01,['Medium concern'],21.0
HND,2021-01-01,['Medium concern'],0.35
HND,2021-08-01,['Medium concern'],11.0
HND,2021-11-01,['Medium concern'],3.7
HND,2022-01-01,['Medium concern'],1.31
HND,2022-10-01,['Medium concern'],1.0
HND,2023-02-01,['Medium concern'],0.25
HND,2023-06-01,['High concern'],115.0
HTI,2017-09-01,['Medium concern'],1.0
HTI,2018-06-01,['Medium concern'],1.0
HTI,2018-10-01,['High concern'],0.08
HTI,2019-10-01,['High concern'],0.12
HTI,2020-03-01,['Medium concern'],3.5
HTI,2020-06-01,['Medium concern'],1.0
HTI,2020-07-01,['Medium concern'],105.0
HTI,2020-08-01,['High concern'],0.12
HTI,2020-10-01,['Medium concern'],5334.642857142857
HTI,2021-03-01,['Medium concern'],3.8
HTI,2021-06-01,['High concern'],6851.590909090909
HTI,2021-08-01,"['Medium concern', 'High concern']",54937.25
HTI,2021-09-01,['Medium concern'],0.46
HTI,2022-04-01,['High concern'],198.0
HTI,2022-06-01,"['Medium concern', 'High concern']",5.2
HTI,2022-09-01,['Medium concern'],15.0
HTI,2022-11-01,['Medium concern'],5046.534550195568
HTI,2023-04-01,['High concern'],400.0
HTI,2023-08-01,"['Medium concern', 'High concern']",10082.75
HTI,2023-09-01,['High concern'],10644.0
HTI,2024-03-01,['High concern'],26765.47619047619
HTI,2024-11-01,['Medium concern'],347.0
HTI,2024-12-01,['High concern'],796.0
HTI,2025-02-01,['High concern'],4.4
HTI,2025-06-01,['Medium concern'],1.0
HTI,2025-09-01,['High concern'],4.68
HTI,2025-10-01,['Medium concern'],1.0
HTI,2026-03-01,['Medium concern'],0.52
IDN,2019-09-01,['Medium concern'],237299.57142857142
IDN,2019-10-01,['Medium concern'],1.0
IDN,2021-01-01,['Medium concern'],303635.1838175604
IDN,2021-10-01,['Medium concern'],6947.720930232558
IDN,2022-11-01,['Medium concern'],74141.00000000003
IDN,2024-03-01,['Medium concern'],86935.50000000003
IDN,2024-12-01,"['Medium concern', 'High concern']",24131.27272727273
IDN,2025-02-01,['High concern'],206034.00000000003
IDN,2025-11-01,['High concern'],293109.50000000006
IND,2018-03-01,['Medium concern'],163.0
IND,2019-10-01,['Medium concern'],5153.0
IND,2020-06-01,['Medium concern'],168.0
IND,2020-11-01,['Medium concern'],217844.8
IND,2021-05-01,['High concern'],940536.5
IND,2023-05-01,['Medium concern'],108.0
IND,2024-05-01,['Medium concern'],71771.66666666677
IND,2025-02-01,['Medium concern'],144.0
IND,2025-05-01,['High concern'],10689.0
IRN,2017-03-01,['Medium concern'],1.0
IRN,2018-02-01,['Medium concern'],1.0
IRN,2018-08-01,['Medium concern'],1.0
IRN,2020-01-01,['High concern'],180.0
IRN,2021-07-01,['Medium concern'],1.0
IRN,2022-04-01,['Medium concern'],3.6
IRN,2023-01-01,['High concern'],108765.0
IRN,2023-02-01,['Medium concern'],3.7
IRN,2023-11-01,['High concern'],3.8
IRN,2024-01-01,"['Medium concern', 'High concern']",134.0
IRN,2024-04-01,['High concern'],31.0
IRN,2025-06-01,"['Medium concern', 'High concern']",2002688.9
IRN,2025-11-01,['Medium concern'],1.0
IRN,2026-01-01,['High concern'],23851.0
IRQ,2016-11-01,['Medium concern'],1.0
IRQ,2017-11-01,['Medium concern'],1.0
IRQ,2018-08-01,['Medium concern'],1.0
IRQ,2020-08-01,['Medium concern'],299.0
IRQ,2021-01-01,"['Medium concern', 'High concern']",12481.745762711866
IRQ,2021-06-01,['Medium concern'],1.0
IRQ,2022-03-01,['Medium concern'],1.0
IRQ,2022-12-01,['Medium concern'],271.0
IRQ,2023-01-01,['Medium concern'],1.0
IRQ,2025-05-01,['Medium concern'],3.5
IRQ,2026-02-01,['Medium concern'],1.0
IRQ,2026-03-01,['Medium concern'],100.0
ISR,2023-10-01,['High concern'],8760.0
ISR,2025-06-01,['Medium concern'],8999.999999999993
JAM,2025-11-01,['High concern'],275400.0
JOR,2021-01-01,['Medium concern'],3.1
JOR,2023-08-01,['Medium concern'],3.0
JOR,2025-06-01,['Medium concern'],3.0
JPN,2019-10-01,['Medium concern'],240452.0
KAZ,2020-02-01,['Medium concern'],11500.0
KAZ,2021-07-01,['Medium concern'],1.0
KAZ,2024-04-01,['High concern'],72284.0
KEN,1998-08-01,['Medium concern'],214.0
KEN,2001-12-01,['Medium concern'],110.0
KEN,2005-07-01,['High concern'],123.0
KEN,2007-05-01,"['Medium concern', 'High concern']",242.0
KEN,2008-01-01,['High concern'],176.0
KEN,2012-09-01,['High concern'],137.0
KEN,2013-09-01,['Medium concern'],111.0
KEN,2013-12-01,['High concern'],146.0
KEN,2014-07-01,['High concern'],152.0
KEN,2015-04-01,['High concern'],174.0
KEN,2016-11-01,['High concern'],2.0
KEN,2017-07-01,['Medium concern'],107.0
KEN,2018-05-01,['Medium concern'],1.0
KEN,2018-09-01,['Medium concern'],100.0
KEN,2018-11-01,['Medium concern'],1.0
KEN,2019-07-01,['Medium concern'],0.23
KEN,2020-02-01,['Medium concern'],1.0
KEN,2020-04-01,['Medium concern'],52524.15686181635
KEN,2020-06-01,['Medium concern'],3.5
KEN,2021-04-01,['Medium concern'],1.0
KEN,2021-11-01,['High concern'],2.0
KEN,2022-02-01,['High concern'],0.05
KEN,2022-03-01,['Medium concern'],3.3
KEN,2022-06-01,['High concern'],2.0
KEN,2022-09-01,['Medium concern'],3.8
KEN,2023-01-01,['High concern'],0.07
KEN,2023-02-01,['High concern'],103.0
KEN,2023-03-01,['High concern'],5460.0
KEN,2023-08-01,['High concern'],124.0
KEN,2023-10-01,['High concern'],50364.00000000001
KEN,2023-11-01,['Medium concern'],1.0
KEN,2024-03-01,['High concern'],5772.944827586207
KEN,2024-04-01,['Medium concern'],1.0
KEN,2025-03-01,['Medium concern'],114.0
KEN,2025-08-01,['High concern'],7781.0
KEN,2025-10-01,['Medium concern'],1.0
KEN,2026-02-01,['Medium concern'],0.22
KGZ,2017-03-01,['Medium concern'],1.0
KGZ,2021-06-01,"['Medium concern', 'High concern']",8001.0
KGZ,2022-01-01,['High concern'],11052.0
KGZ,2022-09-01,['High concern'],34192.5
KGZ,2022-11-01,['Medium concern'],18.0
KHM,2019-09-01,['Medium concern'],50947.21739130434
KHM,2020-10-01,['Medium concern'],50596.15384615384
KHM,2025-08-01,['High concern'],344188.0
KHM,2026-01-01,['High concern'],501229.0
LAC,2018-11-01,['Medium concern'],0.23
LAC,2019-10-01,['Medium concern'],0.26
LAC,2020-10-01,['Medium concern'],0.33
LAC,2021-11-01,['Medium concern'],0.28
LAC,2023-03-01,['Medium concern'],0.25
LAC,2024-05-01,['Medium concern'],0.21
LAO,2018-08-01,['Medium concern'],1.0
LAO,2019-09-01,['Medium concern'],51208.0
LBN,2017-07-01,['Medium concern'],144.0
LBN,2020-08-01,['Medium concern'],51612.90322580645
LBN,2021-01-01,['High concern'],33.0
LBN,2021-12-01,['Medium concern'],18.0
LBN,2022-09-01,['High concern'],0.07
LBN,2023-07-01,['High concern'],9700.2
LBN,2023-10-01,['Medium concern'],0.25
LBN,2024-02-01,['High concern'],100.0
LBN,2024-09-01,['High concern'],902932.2857142858
LBN,2024-10-01,['Medium concern'],3.9
LBN,2026-03-01,['Medium concern'],80198.00000000003
LBR,1999-08-01,['Medium concern'],166.0
LBR,2003-06-01,['High concern'],131.0
LBR,2017-05-01,['Medium concern'],1.0
LBR,2018-05-01,['Medium concern'],1.0
LBR,2024-06-01,['High concern'],60309.0
LBY,2011-02-01,['High concern'],116.0
LBY,2011-08-01,['High concern'],999.0
LBY,2013-12-01,['Medium concern'],105.0
LBY,2014-07-01,['Medium concern'],271.0
LBY,2016-06-01,['Medium concern'],419.0
LBY,2016-12-01,['High concern'],683.0
LBY,2019-04-01,['Medium concern'],245.0
LBY,2020-04-01,['High concern'],514.0
LBY,2020-06-01,['Medium concern'],20350.0
LBY,2021-02-01,['Medium concern'],18.0
LBY,2024-04-01,['Medium concern'],4.0
LBY,2026-02-01,['Medium concern'],1.0
LKA,2019-04-01,['High concern'],263.0
LKA,2021-06-01,['High concern'],50543.142857142855
LKA,2021-11-01,['Medium concern'],11.0
LKA,2022-04-01,['High concern'],25.0
LKA,2022-07-01,['Medium concern'],1.0
LKA,2025-12-01,"['High concern', 'Medium concern']",55796.294117647056
LKA,2026-01-01,['Medium concern'],1.0
LKA,2026-03-01,['High concern'],107.0
LSO,2017-07-01,['High concern'],0.06
LSO,2018-03-01,['Medium concern'],1.0
LSO,2018-12-01,['Medium concern'],1.0
LSO,2019-06-01,['Medium concern'],0.3
LSO,2019-11-01,['Medium concern'],1.0
LSO,2020-07-01,['High concern'],0.07
LSO,2021-06-01,['Medium concern'],0.26
LSO,2022-06-01,['Medium concern'],0.22
LSO,2023-07-01,['Medium concern'],0.22
MAR,2017-11-01,['Medium concern'],1.0
MAR,2019-05-01,['Medium concern'],1.0
MAR,2020-02-01,['Medium concern'],1.0
MAR,2022-01-01,['Medium concern'],1.0
MAR,2023-02-01,['Medium concern'],1.0
MAR,2023-09-01,['High concern'],146008.0
MAR,2023-11-01,['Medium concern'],4.0
MAR,2024-02-01,['High concern'],2.0
MAR,2025-01-01,['Medium concern'],1.0
MAR,2026-03-01,['High concern'],150000.0
MDG,2012-09-01,['High concern'],112.0
MDG,2014-05-01,['Medium concern'],127.0
MDG,2014-10-01,['High concern'],169.0
MDG,2016-12-01,['Medium concern'],1.0
MDG,2017-10-01,['High concern'],0.13
MDG,2018-01-01,['Medium concern'],1.0
MDG,2018-05-01,['High concern'],0.12
MDG,2018-12-01,['Medium concern'],1.0
MDG,2019-06-01,['High concern'],0.06
MDG,2020-01-01,['Medium concern'],1.0
MDG,2020-11-01,['High concern'],0.07
MDG,2021-01-01,['Medium concern'],4.0
MDG,2021-11-01,['Medium concern'],1.0
MDG,2022-04-01,['High concern'],0.09
MDG,2022-09-01,['Medium concern'],12.0
MDG,2023-01-01,['High concern'],51880.0
MDG,2023-03-01,['Medium concern'],1.0
MDG,2023-07-01,['Medium concern'],0.36
MDG,2024-03-01,['Medium concern'],1.0
MDG,2024-07-01,['Medium concern'],3.0
MDG,2025-03-01,['Medium concern'],52575.0
MEX,2019-02-01,['Medium concern'],998.0
MEX,2020-05-01,['Medium concern'],825.0
MEX,2021-06-01,['Medium concern'],10.0
MEX,2023-11-01,['Medium concern'],3.0
MEX,2024-05-01,['Medium concern'],705.0
MEX,2024-07-01,['High concern'],784.0
MEX,2025-01-01,['High concern'],3.1
MLI,2008-05-01,['High concern'],117.0
MLI,2012-01-01,['High concern'],151.0
MLI,2013-01-01,['High concern'],275.0
MLI,2014-05-01,['Medium concern'],115.0
MLI,2017-01-01,['Medium concern'],100.0
MLI,2017-02-01,['High concern'],115.0
MLI,2018-06-01,['High concern'],254.0
MLI,2019-03-01,['High concern'],308.0
MLI,2020-02-01,['High concern'],313.0
MLI,2021-01-01,['Medium concern'],5442.596685082873
MLI,2021-03-01,['Medium concern'],4.1
MLI,2021-04-01,['Medium concern'],15.0
MLI,2021-11-01,['Medium concern'],14.0
MLI,2022-01-01,['Medium concern'],257.0
MLI,2022-03-01,['High concern'],631.0
MLI,2023-01-01,"['Medium concern', 'High concern']",23044.10476190476
MLI,2023-10-01,['Medium concern'],530.0
MLI,2024-04-01,['High concern'],4.5
MLI,2024-07-01,['Medium concern'],1.0
MLI,2024-09-01,['High concern'],51489.75862068965
MLI,2025-06-01,"['Medium concern', 'High concern']",1159.0
MMR,2011-01-01,['Medium concern'],199.0
MMR,2012-09-01,['Medium concern'],198.0
MMR,2015-02-01,"['Medium concern', 'High concern']",371.0
MMR,2016-10-01,['Medium concern'],102.0
MMR,2017-08-01,['High concern'],424.0
MMR,2018-08-01,['Medium concern'],1.0
MMR,2019-03-01,['Medium concern'],6718.0
MMR,2019-08-01,['Medium concern'],52619.642857142855
MMR,2020-03-01,['Medium concern'],11635.373439726418
MMR,2021-02-01,['Medium concern'],3.7
MMR,2021-03-01,"['Medium concern', 'High concern']",454.0
MMR,2021-04-01,['High concern'],110936.66150670794
MMR,2021-09-01,['High concern'],1114.0
MMR,2022-01-01,['Medium concern'],4.3
MMR,2022-05-01,['High concern'],4.4
MMR,2022-06-01,['High concern'],2097.0
MMR,2022-09-01,['Medium concern'],18.0
MMR,2023-01-01,"['Medium concern', 'High concern']",48511.239130434784
MMR,2023-03-01,"['Medium concern', 'High concern']",112497.27713920816
MMR,2023-08-01,['High concern'],53592.0
MMR,2023-11-01,"['Medium concern', 'High concern']",138863.0945945946
MMR,2025-08-01,['High concern'],62300.0
MMR,2026-01-01,['Medium concern'],59931.1475409836
MOZ,2016-11-01,['Medium concern'],1.0
MOZ,2018-02-01,['Medium concern'],1.0
MOZ,2019-03-01,"['High concern', 'Medium concern']",88890.88888888889
MOZ,2019-06-01,['High concern'],0.05
MOZ,2019-09-01,['High concern'],104.0
MOZ,2020-01-01,['Medium concern'],1.0
MOZ,2020-04-01,['High concern'],148.0
MOZ,2020-09-01,['Medium concern'],5187.333333333333
MOZ,2020-11-01,['Medium concern'],13.0
MOZ,2021-01-01,['Medium concern'],4.6
MOZ,2021-03-01,['High concern'],423.0
MOZ,2021-04-01,['High concern'],0.13
MOZ,2022-01-01,['Medium concern'],53180.2
MOZ,2022-06-01,"['Medium concern', 'High concern']",13559.333333333334
MOZ,2023-02-01,['Medium concern'],1.0
MOZ,2023-07-01,['Medium concern'],0.2
MOZ,2024-02-01,"['Medium concern', 'High concern']",60694.03781979977
MOZ,2024-03-01,['Medium concern'],1.0
MOZ,2024-04-01,['Medium concern'],3.7
MOZ,2024-07-01,['High concern'],3.9
MOZ,2024-11-01,['Medium concern'],138.0
MOZ,2024-12-01,['High concern'],155306.0
MOZ,2025-01-01,['Medium concern'],1.0
MOZ,2025-08-01,['Medium concern'],164829.0
MOZ,2025-11-01,['High concern'],111760.0
MOZ,2026-01-01,['Medium concern'],392001.0
MRT,2017-08-01,['Medium concern'],1.0
MRT,2017-11-01,['High concern'],2.0
MRT,2018-08-01,['Medium concern'],1.0
MRT,2019-08-01,['Medium concern'],1.0
MRT,2020-08-01,['Medium concern'],3.0
MRT,2022-03-01,['Medium concern'],0.2
MWI,2017-12-01,['Medium concern'],1.0
MWI,2018-08-01,['Medium concern'],0.22
MWI,2019-03-01,['Medium concern'],54038.0
MWI,2020-11-01,['Medium concern'],14.0
MWI,2021-07-01,['Medium concern'],3.0
MWI,2022-01-01,['Medium concern'],23.0
MWI,2022-02-01,['Medium concern'],52214.40322580645
MWI,2022-06-01,['Medium concern'],0.2
MWI,2022-10-01,['High concern'],3.2
MWI,2023-03-01,"['Medium concern', 'High concern']",164820.5
MWI,2023-06-01,['High concern'],3.5
MWI,2023-07-01,['Medium concern'],0.22
MWI,2024-01-01,['Medium concern'],1.0
MWI,2024-05-01,"['Medium concern', 'High concern']",3.88
MWI,2025-01-01,['Medium concern'],1.0
MYS,2019-12-01,['Medium concern'],52219.00904977376
MYS,2021-01-01,['Medium concern'],50714.825
MYS,2021-12-01,['High concern'],54806.8
MYS,2022-12-01,['High concern'],71368.06982622211
MYT,2024-12-01,['High concern'],100000.0
NAM,2016-11-01,['Medium concern'],1.0
NAM,2018-01-01,['Medium concern'],1.0
NAM,2018-12-01,['Medium concern'],1.0
NAM,2019-05-01,['High concern'],2.0
NAM,2019-11-01,['Medium concern'],1.0
NAM,2020-07-01,['Medium concern'],0.2
NAM,2021-01-01,['Medium concern'],1.0
NAM,2021-10-01,['High concern'],0.05
NAM,2022-01-01,['Medium concern'],1.0
NAM,2023-01-01,['Medium concern'],1.0
NAM,2023-07-01,['Medium concern'],0.26
NAM,2024-01-01,['Medium concern'],1.0
NAM,2024-05-01,['Medium concern'],0.48
NAM,2024-06-01,['High concern'],2.0
NER,1998-12-01,['Medium concern'],150.0
NER,2015-02-01,['High concern'],114.0
NER,2016-06-01,['Medium concern'],113.0
NER,2018-12-01,['High concern'],118.0
NER,2019-03-01,['Medium concern'],5206.612461334512
NER,2020-02-01,['Medium concern'],231.0
NER,2020-04-01,['Medium concern'],15051.818181818184
NER,2020-06-01,['Medium concern'],50601.45283018868
NER,2020-07-01,['Medium concern'],3.7
NER,2021-11-01,['Medium concern'],1.0
NER,2022-08-01,['Medium concern'],16001.0
NER,2023-01-01,['High concern'],3.9
NER,2023-07-01,['High concern'],22848.336353006263
NER,2023-08-01,['Medium concern'],155.0
NER,2024-02-01,['High concern'],308.0
NER,2024-08-01,['High concern'],62602.5
NER,2025-05-01,['Medium concern'],300.0
NER,2025-06-01,['High concern'],396.0
NER,2025-08-01,['Medium concern'],3.8
NGA,1998-10-01,['Medium concern'],732.0
NGA,2000-02-01,"['Medium concern', 'High concern']",1900.0
NGA,2001-07-01,['Medium concern'],203.0
NGA,2003-02-01,['Medium concern'],302.0
NGA,2004-05-01,['High concern'],423.0
NGA,2009-05-01,['High concern'],201.0
NGA,2011-04-01,"['Medium concern', 'High concern']",1767.0
NGA,2012-07-01,['Medium concern'],493.0
NGA,2013-04-01,['Medium concern'],495.0
NGA,2014-03-01,"['Medium concern', 'High concern']",2482.0
NGA,2015-01-01,['High concern'],1838.0
NGA,2017-02-01,['Medium concern'],1.0
NGA,2017-09-01,['Medium concern'],1.0
NGA,2017-10-01,['Medium concern'],783.0
NGA,2018-05-01,['Medium concern'],899.0
NGA,2018-07-01,['Medium concern'],1.0
NGA,2018-09-01,['High concern'],2.0
NGA,2019-01-01,['Medium concern'],12419.333333333334
NGA,2020-04-01,['Medium concern'],4.2
NGA,2020-05-01,"['Medium concern', 'High concern']",1773.0
NGA,2020-08-01,['Medium concern'],1.0
NGA,2020-09-01,['Medium concern'],50288.55158730159
NGA,2021-02-01,['Medium concern'],15779.813186813188
NGA,2021-04-01,['High concern'],44418.047619047626
NGA,2021-08-01,['Medium concern'],1.0
NGA,2022-01-01,['Medium concern'],1253.0
NGA,2022-07-01,['Medium concern'],55975.294117647056
NGA,2022-08-01,"['Medium concern', 'High concern']",321858.9411764706
NGA,2023-03-01,['Medium concern'],22549.00000000001
NGA,2023-05-01,['Medium concern'],4.2
NGA,2024-01-01,['Medium concern'],27643.270443661346
NGA,2024-03-01,['Medium concern'],941.0
NGA,2024-07-01,['Medium concern'],1.0
NGA,2024-09-01,['Medium concern'],167503.1952913257
NGA,2025-06-01,['Medium concern'],5.2
NGA,2025-07-01,['Medium concern'],10053.00000000001
NGA,2025-09-01,['High concern'],1515.0
NGA,2026-01-01,['Medium concern'],19743.00000000001
NIC,2019-08-01,['Medium concern'],1.0
NIC,2020-11-01,['Medium concern'],1.0
NIC,2021-06-01,['Medium concern'],10.0
NIC,2022-10-01,['Medium concern'],1.0
NLD,2021-07-01,['High concern'],51343.0
NPL,2017-09-01,['Medium concern'],1.0
NPL,2019-07-01,['Medium concern'],52221.96428571429
NPL,2023-11-01,['High concern'],53518.0
PAK,2012-02-01,['Medium concern'],625.0
PAK,2014-06-01,['Medium concern'],631.0
PAK,2016-12-01,['Medium concern'],1.0
PAK,2017-02-01,['Medium concern'],363.0
PAK,2018-07-01,['Medium concern'],258.0
PAK,2018-09-01,['Medium concern'],1.0
PAK,2019-02-01,['Medium concern'],5559.837662337662
PAK,2019-04-01,['Medium concern'],0.51
PAK,2020-01-01,['Medium concern'],0.51
PAK,2020-06-01,['Medium concern'],53752.22727272727
PAK,2021-02-01,['Medium concern'],122.0
PAK,2021-05-01,['Medium concern'],3.8
PAK,2021-09-01,['Medium concern'],174.0
PAK,2021-10-01,['Medium concern'],0.26
PAK,2022-03-01,['High concern'],210.0
PAK,2022-06-01,"['Medium concern', 'High concern']",319809.2531918726
PAK,2022-08-01,['Medium concern'],1.0
PAK,2022-09-01,['High concern'],4.03
PAK,2023-02-01,['High concern'],219.0
PAK,2023-03-01,['Medium concern'],10.0
PAK,2023-04-01,['Medium concern'],0.32
PAK,2023-09-01,['High concern'],243.0
PAK,2023-11-01,['High concern'],4.0
PAK,2024-08-01,['High concern'],346.0
PAK,2025-03-01,['High concern'],15014.0
PAK,2025-05-01,['High concern'],503.0
PAK,2025-08-01,['High concern'],55000.0
PAK,2025-09-01,['Medium concern'],103648.00000000004
PAK,2025-10-01,['High concern'],694.0
PER,2016-12-01,['Medium concern'],1.0
PER,2022-02-01,['High concern'],3.0
PER,2022-11-01,['High concern'],3.2
PER,2023-04-01,['High concern'],50685.67002012073
PER,2025-02-01,['High concern'],3.5
PHL,2017-02-01,['Medium concern'],1.0
PHL,2019-01-01,['Medium concern'],1149517.956582633
PHL,2019-07-01,['Medium concern'],14342.0
PHL,2020-02-01,['Medium concern'],3.4
PHL,2020-10-01,['Medium concern'],678432.9545454545
PHL,2020-11-01,['Medium concern'],3.0
PHL,2021-02-01,['Medium concern'],173.0
PHL,2021-03-01,['High concern'],44909.718944099375
PHL,2021-12-01,"['Medium concern', 'High concern']",3971664.5130718956
PHL,2022-05-01,['Medium concern'],15559.88886215846
PHL,2022-11-01,['Medium concern'],105.0
PHL,2023-12-01,['Medium concern'],101.0
PHL,2024-03-01,['Medium concern'],25210.31451612904
PHL,2024-06-01,['Medium concern'],50502.27272727286
PHL,2025-03-01,['Medium concern'],18517.000000000004
PHL,2025-09-01,['Medium concern'],164864.00000000012
PHL,2025-11-01,['High concern'],3.1
PHL,2026-02-01,['Medium concern'],70632.00000000012
PNG,2022-04-01,['High concern'],5022.746851592787
PNG,2024-05-01,['High concern'],50549.47619047619
PRK,2017-07-01,['Medium concern'],1.0
PRK,2018-08-01,['Medium concern'],1.0
PRK,2019-05-01,['Medium concern'],1.0
PRK,2024-11-01,['High concern'],4.1
PSE,2020-05-01,['Medium concern'],3.9
PSE,2021-02-01,['Medium concern'],4.0
PSE,2021-05-01,['High concern'],9524.666666666666
PSE,2021-08-01,['Medium concern'],16.0
PSE,2023-10-01,"['High concern', 'Medium concern']",201881.24285714288
PSE,2023-11-01,['Medium concern'],14.0
PSE,2023-12-01,['High concern'],4.66
PSE,2024-05-01,['High concern'],0.3
PSE,2025-04-01,"['Medium concern', 'High concern']",402075.22
PSE,2025-07-01,['High concern'],0.32
PSE,2025-10-01,['Medium concern'],663294.25
RUS,2023-06-01,['High concern'],10000.0
RUS,2024-01-01,['High concern'],104.0
RUS,2024-08-01,['High concern'],76076.0
RUS,2024-10-01,['High concern'],917.0
RWA,2000-06-01,['Medium concern'],159.0
RWA,2001-05-01,['Medium concern'],700.0
RWA,2017-01-01,['Medium concern'],1.0
RWA,2018-05-01,['Medium concern'],1.0
RWA,2022-04-01,['Medium concern'],16.0
RWA,2022-10-01,['Medium concern'],10.0
RWA,2024-04-01,['Medium concern'],13.0
RWA,2024-11-01,['Medium concern'],24.0
RWA,2025-04-01,['Medium concern'],1.0
RWA,2026-02-01,['Medium concern'],10.0
SAU,2016-08-01,['Medium concern'],217.0
SAU,2017-12-01,['Medium concern'],228.0
SAU,2019-03-01,['Medium concern'],238.0
SAU,2023-01-01,['High concern'],185.0
SDN,1998-10-01,['Medium concern'],1205.0
SDN,2000-06-01,"['Medium concern', 'High concern']",1743.0
SDN,2002-05-01,"['Medium concern', 'High concern']",2486.0
SDN,2003-08-01,['High concern'],3387.0
SDN,2006-10-01,['Medium concern'],288.0
SDN,2008-08-01,['Medium concern'],446.0
SDN,2009-01-01,['High concern'],710.0
SDN,2011-02-01,['Medium concern'],422.0
SDN,2011-04-01,['High concern'],867.0
SDN,2012-09-01,['Medium concern'],324.0
SDN,2013-05-01,"['Medium concern', 'High concern']",2222.0
SDN,2015-04-01,['Medium concern'],708.0
SDN,2016-03-01,['Medium concern'],744.0
SDN,2017-05-01,['Medium concern'],353.0
SDN,2017-08-01,['Medium concern'],1.0
SDN,2018-06-01,['Medium concern'],227.0
SDN,2018-08-01,['Medium concern'],1.0
SDN,2019-05-01,['Medium concern'],51730.3359375
SDN,2019-06-01,['Medium concern'],8566.924778761062
SDN,2020-01-01,['Medium concern'],101.0
SDN,2020-02-01,['Medium concern'],4.6
SDN,2020-05-01,['Medium concern'],13109.0
SDN,2020-06-01,['High concern'],0.05
SDN,2020-07-01,['Medium concern'],190.0
SDN,2020-09-01,['Medium concern'],1.0
SDN,2021-01-01,['High concern'],286.0
SDN,2021-03-01,['High concern'],0.06
SDN,2021-08-01,['High concern'],50906.4
SDN,2022-01-01,['Medium concern'],1.0
SDN,2022-03-01,['High concern'],30.0
SDN,2022-04-01,"['Medium concern', 'High concern']",679.0
SDN,2022-05-01,['High concern'],0.06
SDN,2022-07-01,['Medium concern'],1.0
SDN,2022-08-01,['Medium concern'],51451.87096774193
SDN,2022-11-01,['High concern'],448.0
SDN,2023-04-01,"['Medium concern', 'High concern']",187477.8888888889
SDN,2023-05-01,"['High concern', 'Medium concern']",1013.5
SDN,2023-06-01,['High concern'],4.83
SDN,2023-10-01,['High concern'],693813.3333333334
SDN,2023-11-01,['Medium concern'],15.0
SDN,2024-04-01,['High concern'],0.02
SDN,2024-08-01,"['High concern', 'Medium concern']",119437.0
SDN,2024-10-01,['High concern'],2727.0
SDN,2025-05-01,['Medium concern'],684377.987012987
SDN,2025-08-01,['High concern'],33.0
SDN,2025-09-01,['High concern'],0.01
SDN,2025-11-01,['Medium concern'],3063.0
SEN,2006-06-01,['High concern'],200.0
SEN,2017-11-01,['Medium concern'],1.0
SEN,2018-08-01,['Medium concern'],1.0
SEN,2019-07-01,['Medium concern'],1.0
SEN,2025-06-01,['High concern'],3.1
SLE,1999-05-01,['Medium concern'],107.0
SLE,2018-05-01,['Medium concern'],1.0
SLE,2021-03-01,['Medium concern'],0.22
SLE,2022-03-01,['Medium concern'],15.0
SLE,2024-03-01,['Medium concern'],0.2
SLV,2018-08-01,['Medium concern'],1.0
SLV,2018-11-01,['High concern'],0.05
SLV,2019-01-01,['Medium concern'],130.0
SLV,2020-10-01,['Medium concern'],3.0
SLV,2021-11-01,['Medium concern'],3.1
SLV,2022-05-01,['High concern'],3.2
SLV,2022-10-01,['Medium concern'],1.0
SOM,2003-03-01,['High concern'],102.0
SOM,2004-03-01,['High concern'],122.0
SOM,2006-01-01,['Medium concern'],114.0
SOM,2007-03-01,['High concern'],338.0
SOM,2008-08-01,['Medium concern'],240.0
SOM,2010-01-01,['Medium concern'],176.0
SOM,2010-05-01,['High concern'],491.0
SOM,2011-10-01,['Medium concern'],377.0
SOM,2012-08-01,['Medium concern'],487.0
SOM,2012-09-01,['High concern'],536.0
SOM,2013-11-01,['Medium concern'],395.0
SOM,2014-06-01,['Medium concern'],435.0
SOM,2015-08-01,['Medium concern'],647.0
SOM,2016-03-01,['High concern'],675.0
SOM,2017-01-01,['Medium concern'],0.24
SOM,2017-07-01,['High concern'],0.07
SOM,2017-10-01,['High concern'],981.0
SOM,2018-01-01,['Medium concern'],0.27
SOM,2018-05-01,['High concern'],2.0
SOM,2018-11-01,['Medium concern'],1.0
SOM,2019-01-01,['Medium concern'],761.0
SOM,2019-05-01,['High concern'],2.0
SOM,2020-01-01,['Medium concern'],1.0
SOM,2020-02-01,['Medium concern'],4.7
SOM,2020-05-01,['Medium concern'],50526.31578947369
SOM,2021-01-01,['Medium concern'],0.22
SOM,2021-02-01,['Medium concern'],393.0
SOM,2021-08-01,['Medium concern'],0.22
SOM,2021-10-01,['High concern'],21208.0
SOM,2021-11-01,['High concern'],2.0
SOM,2022-02-01,['Medium concern'],13.0
SOM,2022-03-01,['Medium concern'],511.0
SOM,2022-05-01,['High concern'],0.01
SOM,2022-06-01,['Medium concern'],64223.36666666667
SOM,2022-08-01,['High concern'],583.0
SOM,2022-11-01,['High concern'],0.04
SOM,2023-01-01,"['Medium concern', 'High concern']",176134.45161290324
SOM,2023-02-01,"['High concern', 'Medium concern']",1205.7
SOM,2023-03-01,['Medium concern'],139896.19239631336
SOM,2023-05-01,['High concern'],246076.79032258064
SOM,2023-08-01,['High concern'],0.08
SOM,2023-09-01,['High concern'],1275.0
SOM,2023-11-01,['High concern'],1464558.8323638286
SOM,2024-09-01,['Medium concern'],1.0
SOM,2024-11-01,['Medium concern'],10.0
SOM,2025-01-01,['Medium concern'],0.23
SOM,2025-02-01,['Medium concern'],759.0
SOM,2025-03-01,['High concern'],1753.0
SOM,2025-08-01,['Medium concern'],55567.74193548387
SOM,2025-11-01,"['High concern', 'Medium concern']",16.0
SOM,2025-12-01,['Medium concern'],149719.1666666668
SOM,2026-01-01,['High concern'],0.1
SSD,2013-02-01,['Medium concern'],261.0
SSD,2013-12-01,['Medium concern'],427.0
SSD,2016-07-01,['Medium concern'],501.0
SSD,2017-01-01,['High concern'],0.01
SSD,2017-04-01,['Medium concern'],1.0
SSD,2017-05-01,['Medium concern'],870.0
SSD,2017-09-01,['High concern'],0.19
SSD,2018-04-01,['Medium concern'],1.0
SSD,2018-06-01,['High concern'],2.0
SSD,2018-09-01,['High concern'],0.16
SSD,2019-01-01,['Medium concern'],627.0
SSD,2019-05-01,['Medium concern'],14538.46153846154
SSD,2019-07-01,['Medium concern'],51449.66666666667
SSD,2019-11-01,['High concern'],2.0
SSD,2020-01-01,['High concern'],0.15
SSD,2020-03-01,['Medium concern'],208.0
SSD,2020-07-01,['Medium concern'],4.4
SSD,2020-08-01,['Medium concern'],147486.0474581316
SSD,2020-10-01,['High concern'],0.01
SSD,2020-11-01,['High concern'],2.0
SSD,2021-01-01,"['Medium concern', 'High concern']",70330.17950405969
SSD,2021-02-01,['Medium concern'],13.0
SSD,2021-05-01,['High concern'],2.0
SSD,2021-08-01,['High concern'],82137.14794216481
SSD,2022-03-01,['High concern'],4.609999999999999
SSD,2022-06-01,['Medium concern'],365.0
SSD,2022-07-01,"['Medium concern', 'High concern']",541.0
SSD,2022-08-01,['High concern'],28.0
SSD,2022-10-01,['High concern'],0.23
SSD,2022-12-01,['Medium concern'],5719.999999999999
SSD,2023-03-01,['Medium concern'],14.0
SSD,2023-09-01,['High concern'],0.19
SSD,2024-02-01,['Medium concern'],29999.67976476877
SSD,2024-05-01,"['High concern', 'Medium concern']",196.0
SSD,2024-06-01,['High concern'],2.0
SSD,2024-08-01,['High concern'],575626.4372294372
SSD,2024-11-01,['Medium concern'],4.5
SSD,2025-01-01,['High concern'],94900.43799283152
SSD,2025-02-01,['High concern'],4.7
SSD,2025-03-01,['Medium concern'],308.0
SSD,2025-09-01,['High concern'],0.16
SSD,2025-10-01,['Medium concern'],174568.0
SSD,2026-01-01,"['Medium concern', 'High concern']",232894.0
SWZ,2018-02-01,['Medium concern'],1.0
SWZ,2019-06-01,['Medium concern'],0.25
SWZ,2020-06-01,['High concern'],0.05
SWZ,2021-08-01,['Medium concern'],0.3
SWZ,2022-06-01,['Medium concern'],0.22
SWZ,2023-06-01,['Medium concern'],0.24
SWZ,2024-06-01,['Medium concern'],0.25
SYR,2017-01-01,['Medium concern'],1.0
SYR,2017-03-01,['High concern'],2.0
SYR,2018-05-01,['High concern'],2.0
SYR,2019-12-01,['Medium concern'],10000.0
SYR,2020-10-01,['Medium concern'],50000.0
SYR,2021-01-01,['Medium concern'],10.0
SYR,2021-02-01,['High concern'],52091.954545454544
SYR,2021-03-01,['Medium concern'],1.0
SYR,2021-07-01,['Medium concern'],9330.0
SYR,2022-02-01,['Medium concern'],1.0
SYR,2022-04-01,['Medium concern'],15.0
SYR,2022-08-01,['Medium concern'],711.0
SYR,2022-09-01,['Medium concern'],20997.967741935485
SYR,2023-02-01,"['Medium concern', 'High concern']",124827.96875
SYR,2023-04-01,"['Medium concern', 'High concern']",1583.0
SYR,2023-08-01,['High concern'],26.0
SYR,2023-09-01,['Medium concern'],24947.67741935484
SYR,2023-10-01,['High concern'],74641.79444444444
SYR,2024-11-01,['High concern'],1096.0
SYR,2024-12-01,"['Medium concern', 'High concern']",275000.0000000001
SYR,2025-07-01,['High concern'],2.0
SYR,2026-01-01,['Medium concern'],140000.0
TCD,2000-03-01,['Medium concern'],200.0
TCD,2000-07-01,['High concern'],240.0
TCD,2002-10-01,"['Medium concern', 'High concern']",468.0
TCD,2004-03-01,['Medium concern'],132.0
TCD,2005-09-01,['Medium concern'],125.0
TCD,2005-12-01,['High concern'],187.0
TCD,2007-12-01,['Medium concern'],307.0
TCD,2009-05-01,['Medium concern'],254.0
TCD,2015-07-01,['High concern'],113.0
TCD,2017-06-01,['Medium concern'],114.0
TCD,2019-04-01,['Medium concern'],110.0
TCD,2019-05-01,['Medium concern'],5476.177777777778
TCD,2020-04-01,['High concern'],260.0
TCD,2020-10-01,['Medium concern'],4.2
TCD,2021-04-01,['High concern'],389.0
TCD,2021-07-01,['High concern'],50969.51785714286
TCD,2022-01-01,['Medium concern'],10.0
TCD,2022-05-01,['Medium concern'],306.2
TCD,2022-07-01,['High concern'],4.4
TCD,2022-08-01,['Medium concern'],1.0
TCD,2022-10-01,['Medium concern'],51292.21153846154
TCD,2023-03-01,['Medium concern'],5188.999999999999
TCD,2023-04-01,['High concern'],12477.797872340425
TCD,2024-02-01,['High concern'],0.1
TCD,2024-08-01,['Medium concern'],1.0
TCD,2024-09-01,['High concern'],262380.5357142857
TCD,2024-11-01,['Medium concern'],161.0
TCD,2025-06-01,['Medium concern'],1.0
TGO,2017-05-01,['Medium concern'],1.0
TGO,2025-08-01,['Medium concern'],1.0
THA,2019-05-01,['Medium concern'],1.0
THA,2020-01-01,['Medium concern'],1.0
THA,2025-08-01,['High concern'],120790.0
THA,2025-12-01,['High concern'],219000.0
THA,2026-01-01,['High concern'],400000.0
TJK,2021-04-01,['High concern'],5000.0
TKM,2017-03-01,['Medium concern'],1.0
TKM,2018-04-01,['Medium concern'],1.0
TKM,2018-10-01,['Medium concern'],1.0
TKM,2021-04-01,['Medium concern'],1.0
TKM,2023-03-01,['Medium concern'],1.0
TLS,2019-11-01,['Medium concern'],1.0
TLS,2023-04-01,['High concern'],27.0
TLS,2023-11-01,['Medium concern'],0.27
TUN,2020-04-01,['Medium concern'],1.0
TUN,2023-03-01,['Medium concern'],1.0
TUN,2023-11-01,['Medium concern'],1.0
TUR,2021-01-01,['Medium concern'],16.0
TUR,2021-12-01,['Medium concern'],16.0
TUR,2023-02-01,['High concern'],3.4
TUR,2023-08-01,['High concern'],3.8
TUR,2025-05-01,"['Medium concern', 'High concern']",100003.7
TZA,2001-01-01,['High concern'],129.0
TZA,2016-11-01,['Medium concern'],1.0
TZA,2017-01-01,['High concern'],2.0
TZA,2017-12-01,['Medium concern'],1.0
TZA,2019-05-01,['Medium concern'],1.0
TZA,2019-11-01,['High concern'],0.05
TZA,2020-04-01,['Medium concern'],1.0
TZA,2021-11-01,['Medium concern'],1.0
TZA,2022-01-01,['Medium concern'],11.0
TZA,2022-10-01,['Medium concern'],11.0
TZA,2024-04-01,['High concern'],50165.0
TZA,2026-01-01,['Medium concern'],1.0
UGA,1999-07-01,['Medium concern'],213.0
UGA,2000-02-01,['Medium concern'],300.0
UGA,2002-07-01,"['Medium concern', 'High concern']",476.0
UGA,2003-06-01,['High concern'],457.0
UGA,2005-03-01,['Medium concern'],250.0
UGA,2007-03-01,['Medium concern'],128.0
UGA,2014-07-01,['High concern'],105.0
UGA,2016-11-01,['High concern'],196.0
UGA,2016-12-01,['High concern'],2.0
UGA,2018-09-01,['Medium concern'],1.0
UGA,2019-03-01,['Medium concern'],1.0
UGA,2019-12-01,['Medium concern'],57049.75
UGA,2020-05-01,['Medium concern'],1.0
UGA,2020-11-01,['Medium concern'],3.2
UGA,2021-07-01,['Medium concern'],19.0
UGA,2022-02-01,['Medium concern'],11.0
UGA,2022-04-01,"['Medium concern', 'High concern']",1.07
UGA,2022-07-01,['Medium concern'],3.2
UGA,2023-09-01,['Medium concern'],0.45
UGA,2023-10-01,['Medium concern'],1.0
UGA,2024-01-01,['Medium concern'],10.0
UGA,2024-08-01,['Medium concern'],3.3
UGA,2025-04-01,['Medium concern'],1.0
UGA,2025-05-01,['High concern'],3.4
UKR,2021-10-01,['Medium concern'],3.6
UKR,2022-02-01,['High concern'],141.9
UKR,2024-03-01,['High concern'],7337.0
UKR,2024-04-01,['High concern'],4.5
UKR,2024-05-01,['Medium concern'],3712.0
UKR,2024-06-01,['High concern'],9276.0
UKR,2024-09-01,['High concern'],95864.0
UKR,2024-11-01,['High concern'],4.6
UKR,2025-12-01,['Medium concern'],8707.0
USA,2019-09-01,['Medium concern'],309553.1666666667
USA,2020-08-01,['Medium concern'],731919.1666666667
USA,2022-03-01,['Medium concern'],59657.00000000005
USA,2022-09-01,['Medium concern'],226181.40000000005
USA,2024-07-01,['Medium concern'],125749.00000000006
USA,2024-10-01,['High concern'],868193.0
UZB,2017-03-01,['Medium concern'],1.0
UZB,2018-03-01,['Medium concern'],1.0
UZB,2018-10-01,['Medium concern'],1.0
UZB,2020-05-01,['Medium concern'],70000.0
UZB,2021-03-01,['Medium concern'],1.0
VEN,2019-04-01,['Medium concern'],209.0
VEN,2020-05-01,['Medium concern'],267.0
VEN,2021-10-01,['Medium concern'],4.2
VEN,2023-10-01,['High concern'],4.3
VEN,2026-01-01,['Medium concern'],102.0
VNM,2020-10-01,['Medium concern'],52087.75
VNM,2022-10-01,['Medium concern'],328457.0
VNM,2024-09-01,['Medium concern'],57331.99999999997
VUT,2020-04-01,['Medium concern'],80183.0
YEM,2016-08-01,['Medium concern'],1761.0
YEM,2017-09-01,['Medium concern'],1.0
YEM,2017-12-01,['Medium concern'],2169.0
YEM,2018-03-01,['High concern'],2930.0
YEM,2018-05-01,['Medium concern'],1.0
YEM,2018-09-01,['High concern'],3305.0
YEM,2018-10-01,['High concern'],2.0
YEM,2019-09-01,['Medium concern'],1.0
YEM,2019-12-01,['Medium concern'],5000.857142857142
YEM,2020-05-01,['Medium concern'],1.0
YEM,2020-06-01,['High concern'],0.17
YEM,2021-03-01,['Medium concern'],2249.0
YEM,2021-05-01,['Medium concern'],4.9
YEM,2021-08-01,['Medium concern'],15.0
YEM,2021-11-01,"['Medium concern', 'High concern']",15990.4
YEM,2022-02-01,['High concern'],0.23
YEM,2023-01-01,['Medium concern'],5160.0
YEM,2023-03-01,['High concern'],0.12
YEM,2024-09-01,['Medium concern'],306.0
YEM,2024-11-01,['Medium concern'],4.8
YEM,2025-04-01,"['Medium concern', 'High concern']",809.0
YEM,2025-05-01,['High concern'],0.16
ZAF,2017-06-01,['Medium concern'],1.0
ZAF,2018-01-01,['Medium concern'],1.0
ZAF,2018-12-01,['Medium concern'],1.0
ZAF,2019-11-01,['Medium concern'],1.0
ZAF,2020-10-01,['Medium concern'],0.2
ZAF,2020-12-01,['Medium concern'],5000.0
ZAF,2023-02-01,['Medium concern'],1.0
ZMB,2016-11-01,['Medium concern'],1.0
ZMB,2018-02-01,['Medium concern'],1.0
ZMB,2018-06-01,['High concern'],0.05
ZMB,2019-03-01,['Medium concern'],1.0
ZMB,2019-05-01,['Medium concern'],0.24
ZMB,2020-01-01,['Medium concern'],1.0
ZMB,2020-07-01,['High concern'],0.05
ZMB,2021-05-01,['High concern'],52.0
ZMB,2022-01-01,['Medium concern'],1.0
ZMB,2022-02-01,['Medium concern'],16.0
ZMB,2023-05-01,['High concern'],3.0
ZMB,2023-09-01,['Medium concern'],0.23
ZMB,2024-01-01,"['Medium concern', 'High concern']",4.2
ZMB,2024-03-01,['High concern'],2.0
ZMB,2024-08-01,['High concern'],3.6
ZMB,2024-12-01,['High concern'],148322.90322580645
ZMB,2025-01-01,['Medium concern'],1.0
ZWE,2016-12-01,['Medium concern'],1.0
ZWE,2018-01-01,['Medium concern'],1.0
ZWE,2018-12-01,['Medium concern'],1.0
ZWE,2019-03-01,"['High concern', 'Medium concern']",56890.88888888889
ZWE,2019-06-01,['High concern'],0.12
ZWE,2020-01-01,['High concern'],2.0
ZWE,2020-02-01,['High concern'],0.11
ZWE,2020-10-01,['High concern'],0.11
ZWE,2021-12-01,['Medium concern'],3.7
ZWE,2022-03-01,['Medium concern'],1.0
ZWE,2022-05-01,['High concern'],79.0
ZWE,2022-11-01,['High concern'],3.9
ZWE,2024-03-01,"['Medium concern', 'High concern']",18.6
ZWE,2025-01-01,['Medium concern'],1.0
