iso3,month,y_true,y_prob
AFG,2024-03-01,0.0,0.0
AGO,2024-03-01,0.0,0.0
ALB,2024-03-01,0.0,0.0
ARE,2024-03-01,0.0,0.0
ARG,2024-03-01,0.0,0.0
ARM,2024-03-01,0.0,0.0
AUS,2024-03-01,0.0,0.0
AUT,2024-03-01,0.0,0.0
AZE,2024-03-01,0.0,0.0
BDI,2024-03-01,0.0,0.0
BEL,2024-03-01,0.0,0.0
BEN,2024-03-01,0.0,0.0
BFA,2024-03-01,1.0,0.0
BGD,2024-03-01,0.0,0.0
BGR,2024-03-01,0.0,0.0
BHR,2024-03-01,0.0,0.0
BHS,2024-03-01,0.0,0.0
BIH,2024-03-01,0.0,0.0
BLR,2024-03-01,0.0,0.0
BLZ,2024-03-01,0.0,0.0
BOL,2024-03-01,0.0,0.0
BRA,2024-03-01,0.0,0.0
BRB,2024-03-01,0.0,0.0
BRN,2024-03-01,0.0,0.0
BTN,2024-03-01,0.0,0.0
BWA,2024-03-01,0.0,0.0
CAF,2024-03-01,0.0,0.0
CAN,2024-03-01,0.0,0.0
CHE,2024-03-01,0.0,0.0
CHL,2024-03-01,0.0,0.0
CHN,2024-03-01,0.0,0.0
CIV,2024-03-01,0.0,0.0
CMR,2024-03-01,0.0,0.0
COL,2024-03-01,0.0,0.0
COM,2024-03-01,0.0,0.0
CRI,2024-03-01,0.0,0.0
CUB,2024-03-01,0.0,0.0
CYP,2024-03-01,0.0,0.0
CZE,2024-03-01,0.0,0.0
DEU,2024-03-01,0.0,0.0
DJI,2024-03-01,0.0,0.0
DNK,2024-03-01,0.0,0.0
DOM,2024-03-01,0.0,0.0
DZA,2024-03-01,0.0,0.0
ECU,2024-03-01,0.0,0.0
EGY,2024-03-01,0.0,0.0
ERI,2024-03-01,0.0,0.0
ESP,2024-03-01,0.0,0.0
EST,2024-03-01,0.0,0.0
FIN,2024-03-01,0.0,0.0
FJI,2024-03-01,0.0,0.0
FRA,2024-03-01,0.0,0.0
GAB,2024-03-01,0.0,0.0
GBR,2024-03-01,0.0,0.0
GEO,2024-03-01,0.0,0.0
GHA,2024-03-01,0.0,0.0
GIN,2024-03-01,0.0,0.0
GMB,2024-03-01,0.0,0.0
GNB,2024-03-01,0.0,0.0
GNQ,2024-03-01,0.0,0.0
GRC,2024-03-01,0.0,0.0
GRD,2024-03-01,0.0,0.0
GTM,2024-03-01,0.0,0.0
GUY,2024-03-01,0.0,0.0
HND,2024-03-01,0.0,0.0
HRV,2024-03-01,0.0,0.0
HUN,2024-03-01,0.0,0.0
IDN,2024-03-01,0.0,0.0
IND,2024-03-01,0.0,0.0
IRL,2024-03-01,0.0,0.0
IRN,2024-03-01,0.0,0.0
IRQ,2024-03-01,0.0,0.0
ISL,2024-03-01,0.0,0.0
ISR,2024-03-01,0.0,0.0
ITA,2024-03-01,0.0,0.0
JAM,2024-03-01,0.0,0.0
JOR,2024-03-01,0.0,0.0
JPN,2024-03-01,0.0,0.0
KAZ,2024-03-01,0.0,0.0
KEN,2024-03-01,0.0,0.0
KGZ,2024-03-01,0.0,0.0
KHM,2024-03-01,0.0,0.0
KOR,2024-03-01,0.0,0.0
KWT,2024-03-01,0.0,0.0
LAO,2024-03-01,0.0,0.0
LBN,2024-03-01,0.0,0.0
LBR,2024-03-01,0.0,0.0
LBY,2024-03-01,0.0,0.0
LKA,2024-03-01,0.0,0.0
LSO,2024-03-01,0.0,0.0
LTU,2024-03-01,0.0,0.0
LUX,2024-03-01,0.0,0.0
LVA,2024-03-01,0.0,0.0
MAR,2024-03-01,0.0,0.0
MDA,2024-03-01,0.0,0.0
MDG,2024-03-01,0.0,0.0
MDV,2024-03-01,0.0,0.0
MEX,2024-03-01,0.0,0.0
MKD,2024-03-01,0.0,0.0
MLT,2024-03-01,0.0,0.0
MNE,2024-03-01,0.0,0.0
MNG,2024-03-01,0.0,0.0
MRT,2024-03-01,0.0,0.0
MUS,2024-03-01,0.0,0.0
MWI,2024-03-01,0.0,0.0
MYS,2024-03-01,0.0,0.0
NAM,2024-03-01,0.0,0.0
NER,2024-03-01,0.0,0.0
NIC,2024-03-01,0.0,0.0
NLD,2024-03-01,0.0,0.0
NOR,2024-03-01,0.0,0.0
NPL,2024-03-01,0.0,0.0
NZL,2024-03-01,0.0,0.0
OMN,2024-03-01,0.0,0.0
PAK,2024-03-01,0.0,0.0
PAN,2024-03-01,0.0,0.0
PER,2024-03-01,0.0,0.0
PHL,2024-03-01,0.0,0.0
PNG,2024-03-01,0.0,0.0
POL,2024-03-01,0.0,0.0
PRK,2024-03-01,0.0,0.0
PRT,2024-03-01,0.0,0.0
PRY,2024-03-01,0.0,0.0
PSE,2024-03-01,0.0,0.0
QAT,2024-03-01,0.0,0.0
ROU,2024-03-01,0.0,0.0
RUS,2024-03-01,0.0,0.0
RWA,2024-03-01,0.0,0.0
SAU,2024-03-01,0.0,0.0
SDN,2024-03-01,0.0,0.0
SEN,2024-03-01,0.0,0.0
SGP,2024-03-01,0.0,0.0
SLB,2024-03-01,0.0,0.0
SLE,2024-03-01,0.0,0.0
SLV,2024-03-01,0.0,0.0
SRB,2024-03-01,0.0,0.0
STP,2024-03-01,0.0,0.0
SVK,2024-03-01,0.0,0.0
SVN,2024-03-01,0.0,0.0
SWE,2024-03-01,0.0,0.0
SWZ,2024-03-01,0.0,0.0
SYC,2024-03-01,0.0,0.0
SYR,2024-03-01,0.0,0.0
TCD,2024-03-01,0.0,0.0
TGO,2024-03-01,0.0,0.0
THA,2024-03-01,0.0,0.0
TJK,2024-03-01,0.0,0.0
TKM,2024-03-01,0.0,0.0
TLS,2024-03-01,0.0,0.0
TON,2024-03-01,0.0,0.0
TTO,2024-03-01,0.0,0.0
TUN,2024-03-01,0.0,0.0
TUR,2024-03-01,0.0,0.0
TZA,2024-03-01,0.0,0.0
UGA,2024-03-01,0.0,0.0
UKR,2024-03-01,1.0,0.0
URY,2024-03-01,0.0,0.0
USA,2024-03-01,0.0,0.0
UZB,2024-03-01,0.0,0.0
VEN,2024-03-01,0.0,0.0
VNM,2024-03-01,0.0,0.0
VUT,2024-03-01,0.0,0.0
WSM,2024-03-01,0.0,0.0
YEM,2024-03-01,0.0,0.0
ZAF,2024-03-01,0.0,0.0
ZMB,2024-03-01,0.0,0.0
ZWE,2024-03-01,0.0,0.0
AFG,2024-04-01,0.0,0.0
AGO,2024-04-01,0.0,0.0
ALB,2024-04-01,0.0,0.0
ARE,2024-04-01,0.0,0.0
ARG,2024-04-01,0.0,0.0
ARM,2024-04-01,0.0,0.0
AUS,2024-04-01,0.0,0.0
AUT,2024-04-01,0.0,0.0
AZE,2024-04-01,0.0,0.0
BDI,2024-04-01,0.0,0.0
BEL,2024-04-01,0.0,0.0
BEN,2024-04-01,0.0,0.0
BFA,2024-04-01,1.0,0.0
BGD,2024-04-01,0.0,0.0
BGR,2024-04-01,0.0,0.0
BHR,2024-04-01,0.0,0.0
BHS,2024-04-01,0.0,0.0
BIH,2024-04-01,0.0,0.0
BLR,2024-04-01,0.0,0.0
BLZ,2024-04-01,0.0,0.0
BOL,2024-04-01,0.0,0.0
BRA,2024-04-01,0.0,0.0
BRB,2024-04-01,0.0,0.0
BRN,2024-04-01,0.0,0.0
BTN,2024-04-01,0.0,0.0
BWA,2024-04-01,0.0,0.0
CAF,2024-04-01,0.0,0.0
CAN,2024-04-01,0.0,0.0
CHE,2024-04-01,0.0,0.0
CHL,2024-04-01,0.0,0.0
CHN,2024-04-01,0.0,0.0
CIV,2024-04-01,0.0,0.0
CMR,2024-04-01,0.0,0.0
COL,2024-04-01,0.0,0.0
COM,2024-04-01,0.0,0.0
CRI,2024-04-01,0.0,0.0
CUB,2024-04-01,0.0,0.0
CYP,2024-04-01,0.0,0.0
CZE,2024-04-01,0.0,0.0
DEU,2024-04-01,0.0,0.0
DJI,2024-04-01,0.0,0.0
DNK,2024-04-01,0.0,0.0
DOM,2024-04-01,0.0,0.0
DZA,2024-04-01,0.0,0.0
ECU,2024-04-01,0.0,0.0
EGY,2024-04-01,0.0,0.0
ERI,2024-04-01,0.0,0.0
ESP,2024-04-01,0.0,0.0
EST,2024-04-01,0.0,0.0
FIN,2024-04-01,0.0,0.0
FJI,2024-04-01,0.0,0.0
FRA,2024-04-01,0.0,0.0
GAB,2024-04-01,0.0,0.0
GBR,2024-04-01,0.0,0.0
GEO,2024-04-01,0.0,0.0
GHA,2024-04-01,0.0,0.0
GIN,2024-04-01,0.0,0.0
GMB,2024-04-01,0.0,0.0
GNB,2024-04-01,0.0,0.0
GNQ,2024-04-01,0.0,0.0
GRC,2024-04-01,0.0,0.0
GRD,2024-04-01,0.0,0.0
GTM,2024-04-01,0.0,0.0
GUY,2024-04-01,0.0,0.0
HND,2024-04-01,0.0,0.0
HRV,2024-04-01,0.0,0.0
HUN,2024-04-01,0.0,0.0
IDN,2024-04-01,0.0,0.0
IND,2024-04-01,0.0,0.0
IRL,2024-04-01,0.0,0.0
IRN,2024-04-01,0.0,0.0
IRQ,2024-04-01,0.0,0.0
ISL,2024-04-01,0.0,0.0
ISR,2024-04-01,0.0,0.0
ITA,2024-04-01,0.0,0.0
JAM,2024-04-01,0.0,0.0
JOR,2024-04-01,0.0,0.0
JPN,2024-04-01,0.0,0.0
KAZ,2024-04-01,0.0,0.0
KEN,2024-04-01,0.0,0.0
KGZ,2024-04-01,0.0,0.0
KHM,2024-04-01,0.0,0.0
KOR,2024-04-01,0.0,0.0
KWT,2024-04-01,0.0,0.0
LAO,2024-04-01,0.0,0.0
LBN,2024-04-01,0.0,0.0
LBR,2024-04-01,0.0,0.0
LBY,2024-04-01,0.0,0.0
LKA,2024-04-01,0.0,0.0
LSO,2024-04-01,0.0,0.0
LTU,2024-04-01,0.0,0.0
LUX,2024-04-01,0.0,0.0
LVA,2024-04-01,0.0,0.0
MAR,2024-04-01,0.0,0.0
MDA,2024-04-01,0.0,0.0
MDG,2024-04-01,0.0,0.0
MDV,2024-04-01,0.0,0.0
MEX,2024-04-01,0.0,0.0
MKD,2024-04-01,0.0,0.0
MLT,2024-04-01,0.0,0.0
MNE,2024-04-01,0.0,0.0
MNG,2024-04-01,0.0,0.0
MRT,2024-04-01,0.0,0.0
MUS,2024-04-01,0.0,0.0
MWI,2024-04-01,0.0,0.0
MYS,2024-04-01,0.0,0.0
NAM,2024-04-01,0.0,0.0
NER,2024-04-01,0.0,0.0
NGA,2024-04-01,0.0,0.0
NIC,2024-04-01,0.0,0.0
NLD,2024-04-01,0.0,0.0
NOR,2024-04-01,0.0,0.0
NPL,2024-04-01,0.0,0.0
NZL,2024-04-01,0.0,0.0
OMN,2024-04-01,0.0,0.0
PAK,2024-04-01,0.0,0.0
PAN,2024-04-01,0.0,0.0
PER,2024-04-01,0.0,0.0
PHL,2024-04-01,0.0,0.0
PNG,2024-04-01,0.0,0.0
POL,2024-04-01,0.0,0.0
PRK,2024-04-01,0.0,0.0
PRT,2024-04-01,0.0,0.0
PRY,2024-04-01,0.0,0.0
PSE,2024-04-01,1.0,0.0
QAT,2024-04-01,0.0,0.0
ROU,2024-04-01,0.0,0.0
RUS,2024-04-01,0.0,0.0
RWA,2024-04-01,0.0,0.0
SAU,2024-04-01,0.0,0.0
SDN,2024-04-01,0.0,0.0
SEN,2024-04-01,0.0,0.0
SGP,2024-04-01,0.0,0.0
SLB,2024-04-01,0.0,0.0
SLE,2024-04-01,0.0,0.0
SLV,2024-04-01,0.0,0.0
SRB,2024-04-01,0.0,0.0
STP,2024-04-01,0.0,0.0
SVK,2024-04-01,0.0,0.0
SVN,2024-04-01,0.0,0.0
SWE,2024-04-01,0.0,0.0
SWZ,2024-04-01,0.0,0.0
SYC,2024-04-01,0.0,0.0
SYR,2024-04-01,0.0,0.0
TCD,2024-04-01,0.0,0.0
TGO,2024-04-01,0.0,0.0
THA,2024-04-01,0.0,0.0
TJK,2024-04-01,0.0,0.0
TKM,2024-04-01,0.0,0.0
TLS,2024-04-01,0.0,0.0
TON,2024-04-01,0.0,0.0
TTO,2024-04-01,0.0,0.0
TUN,2024-04-01,0.0,0.0
TUR,2024-04-01,0.0,0.0
TZA,2024-04-01,0.0,0.0
UGA,2024-04-01,0.0,0.0
UKR,2024-04-01,1.0,0.0
URY,2024-04-01,0.0,0.0
USA,2024-04-01,0.0,0.0
UZB,2024-04-01,0.0,0.0
VEN,2024-04-01,0.0,0.0
VNM,2024-04-01,0.0,0.0
VUT,2024-04-01,0.0,0.0
WSM,2024-04-01,0.0,0.0
YEM,2024-04-01,0.0,0.0
ZAF,2024-04-01,0.0,0.0
ZMB,2024-04-01,0.0,0.0
ZWE,2024-04-01,0.0,0.0
AFG,2024-05-01,0.0,0.0
AGO,2024-05-01,0.0,0.0
ALB,2024-05-01,0.0,0.0
ARE,2024-05-01,0.0,0.0
ARG,2024-05-01,0.0,0.0
ARM,2024-05-01,0.0,0.0
AUS,2024-05-01,0.0,0.0
AUT,2024-05-01,0.0,0.0
AZE,2024-05-01,0.0,0.0
BDI,2024-05-01,0.0,0.0
BEL,2024-05-01,0.0,0.0
BEN,2024-05-01,0.0,0.0
BGD,2024-05-01,0.0,0.0
BGR,2024-05-01,0.0,0.0
BHR,2024-05-01,0.0,0.0
BHS,2024-05-01,0.0,0.0
BIH,2024-05-01,0.0,0.0
BLR,2024-05-01,0.0,0.0
BLZ,2024-05-01,0.0,0.0
BOL,2024-05-01,0.0,0.0
BRA,2024-05-01,0.0,0.0
BRB,2024-05-01,0.0,0.0
BRN,2024-05-01,0.0,0.0
BTN,2024-05-01,0.0,0.0
BWA,2024-05-01,0.0,0.0
CAF,2024-05-01,0.0,0.0
CAN,2024-05-01,0.0,0.0
CHE,2024-05-01,0.0,0.0
CHL,2024-05-01,0.0,0.0
CHN,2024-05-01,0.0,0.0
CIV,2024-05-01,0.0,0.0
CMR,2024-05-01,0.0,0.0
COL,2024-05-01,0.0,0.0
COM,2024-05-01,0.0,0.0
CRI,2024-05-01,0.0,0.0
CUB,2024-05-01,0.0,0.0
CYP,2024-05-01,0.0,0.0
CZE,2024-05-01,0.0,0.0
DEU,2024-05-01,0.0,0.0
DJI,2024-05-01,0.0,0.0
DNK,2024-05-01,0.0,0.0
DOM,2024-05-01,0.0,0.0
DZA,2024-05-01,0.0,0.0
ECU,2024-05-01,0.0,0.0
EGY,2024-05-01,0.0,0.0
ERI,2024-05-01,0.0,0.0
ESP,2024-05-01,0.0,0.0
EST,2024-05-01,0.0,0.0
FIN,2024-05-01,0.0,0.0
FJI,2024-05-01,0.0,0.0
FRA,2024-05-01,0.0,0.0
GAB,2024-05-01,0.0,0.0
GBR,2024-05-01,0.0,0.0
GEO,2024-05-01,0.0,0.0
GHA,2024-05-01,0.0,0.0
GIN,2024-05-01,0.0,0.0
GMB,2024-05-01,0.0,0.0
GNB,2024-05-01,0.0,0.0
GNQ,2024-05-01,0.0,0.0
GRC,2024-05-01,0.0,0.0
GRD,2024-05-01,0.0,0.0
GTM,2024-05-01,0.0,0.0
GUY,2024-05-01,0.0,0.0
HND,2024-05-01,0.0,0.0
HRV,2024-05-01,0.0,0.0
HTI,2024-05-01,0.0,0.0
HUN,2024-05-01,0.0,0.0
IDN,2024-05-01,0.0,0.0
IND,2024-05-01,0.0,0.0
IRL,2024-05-01,0.0,0.0
IRN,2024-05-01,0.0,0.0
IRQ,2024-05-01,0.0,0.0
ISL,2024-05-01,0.0,0.0
ISR,2024-05-01,0.0,0.0
ITA,2024-05-01,0.0,0.0
JAM,2024-05-01,0.0,0.0
JOR,2024-05-01,0.0,0.0
JPN,2024-05-01,0.0,0.0
KAZ,2024-05-01,0.0,0.0
KEN,2024-05-01,0.0,0.0
KGZ,2024-05-01,0.0,0.0
KHM,2024-05-01,0.0,0.0
KOR,2024-05-01,0.0,0.0
KWT,2024-05-01,0.0,0.0
LAO,2024-05-01,0.0,0.0
LBN,2024-05-01,0.0,0.0
LBR,2024-05-01,0.0,0.0
LBY,2024-05-01,0.0,0.0
LKA,2024-05-01,0.0,0.0
LSO,2024-05-01,0.0,0.0
LTU,2024-05-01,0.0,0.0
LUX,2024-05-01,0.0,0.0
LVA,2024-05-01,0.0,0.0
MAR,2024-05-01,0.0,0.0
MDA,2024-05-01,0.0,0.0
MDG,2024-05-01,0.0,0.0
MDV,2024-05-01,0.0,0.0
MEX,2024-05-01,0.0,0.0
MKD,2024-05-01,0.0,0.0
MLT,2024-05-01,0.0,0.0
MNE,2024-05-01,0.0,0.0
MNG,2024-05-01,0.0,0.0
MRT,2024-05-01,0.0,0.0
MUS,2024-05-01,0.0,0.0
MWI,2024-05-01,0.0,0.0
MYS,2024-05-01,0.0,0.0
NAM,2024-05-01,0.0,0.0
NER,2024-05-01,0.0,0.0
NGA,2024-05-01,0.0,0.0
NIC,2024-05-01,0.0,0.0
NLD,2024-05-01,0.0,0.0
NOR,2024-05-01,0.0,0.0
NPL,2024-05-01,0.0,0.0
NZL,2024-05-01,0.0,0.0
OMN,2024-05-01,0.0,0.0
PAK,2024-05-01,0.0,0.0
PAN,2024-05-01,0.0,0.0
PER,2024-05-01,0.0,0.0
PHL,2024-05-01,0.0,0.0
PNG,2024-05-01,0.0,0.0
POL,2024-05-01,0.0,0.0
PRK,2024-05-01,0.0,0.0
PRT,2024-05-01,0.0,0.0
PRY,2024-05-01,0.0,0.0
PSE,2024-05-01,1.0,0.0
QAT,2024-05-01,0.0,0.0
ROU,2024-05-01,0.0,0.0
RUS,2024-05-01,0.0,0.0
RWA,2024-05-01,0.0,0.0
SAU,2024-05-01,0.0,0.0
SDN,2024-05-01,0.0,0.0
SEN,2024-05-01,0.0,0.0
SGP,2024-05-01,0.0,0.0
SLB,2024-05-01,0.0,0.0
SLE,2024-05-01,0.0,0.0
SLV,2024-05-01,0.0,0.0
SOM,2024-05-01,1.0,0.0
SRB,2024-05-01,0.0,0.0
SSD,2024-05-01,0.0,0.0
STP,2024-05-01,0.0,0.0
SVK,2024-05-01,0.0,0.0
SVN,2024-05-01,0.0,0.0
SWE,2024-05-01,0.0,0.0
SWZ,2024-05-01,0.0,0.0
SYC,2024-05-01,0.0,0.0
SYR,2024-05-01,0.0,0.0
TCD,2024-05-01,0.0,0.0
TGO,2024-05-01,0.0,0.0
THA,2024-05-01,0.0,0.0
TJK,2024-05-01,0.0,0.0
TKM,2024-05-01,0.0,0.0
TLS,2024-05-01,0.0,0.0
TON,2024-05-01,0.0,0.0
TTO,2024-05-01,0.0,0.0
TUN,2024-05-01,0.0,0.0
TUR,2024-05-01,0.0,0.0
TZA,2024-05-01,0.0,0.0
UGA,2024-05-01,0.0,0.0
UKR,2024-05-01,0.0,0.0
URY,2024-05-01,0.0,0.0
USA,2024-05-01,0.0,0.0
UZB,2024-05-01,0.0,0.0
VEN,2024-05-01,0.0,0.0
VNM,2024-05-01,0.0,0.0
VUT,2024-05-01,0.0,0.0
WSM,2024-05-01,0.0,0.0
YEM,2024-05-01,0.0,0.0
ZAF,2024-05-01,0.0,0.0
ZMB,2024-05-01,0.0,0.0
ZWE,2024-05-01,0.0,0.0
AFG,2024-06-01,0.0,0.0
AGO,2024-06-01,0.0,0.0
ALB,2024-06-01,0.0,0.0
ARE,2024-06-01,0.0,0.0
ARG,2024-06-01,0.0,0.0
ARM,2024-06-01,0.0,0.0
AUS,2024-06-01,0.0,0.0
AUT,2024-06-01,0.0,0.0
AZE,2024-06-01,0.0,0.0
BDI,2024-06-01,0.0,0.0
BEL,2024-06-01,0.0,0.0
BEN,2024-06-01,0.0,0.0
BGD,2024-06-01,0.0,0.0
BGR,2024-06-01,0.0,0.0
BHR,2024-06-01,0.0,0.0
BHS,2024-06-01,0.0,0.0
BIH,2024-06-01,0.0,0.0
BLR,2024-06-01,0.0,0.0
BLZ,2024-06-01,0.0,0.0
BOL,2024-06-01,0.0,0.0
BRA,2024-06-01,0.0,0.0
BRB,2024-06-01,0.0,0.0
BRN,2024-06-01,0.0,0.0
BTN,2024-06-01,0.0,0.0
BWA,2024-06-01,0.0,0.0
CAF,2024-06-01,0.0,0.0
CAN,2024-06-01,0.0,0.0
CHE,2024-06-01,0.0,0.0
CHL,2024-06-01,0.0,0.0
CHN,2024-06-01,0.0,0.0
CIV,2024-06-01,0.0,0.0
CMR,2024-06-01,0.0,0.0
COL,2024-06-01,0.0,0.0
COM,2024-06-01,0.0,0.0
CRI,2024-06-01,0.0,0.0
CUB,2024-06-01,0.0,0.0
CYP,2024-06-01,0.0,0.0
CZE,2024-06-01,0.0,0.0
DEU,2024-06-01,0.0,0.0
DJI,2024-06-01,0.0,0.0
DNK,2024-06-01,0.0,0.0
DOM,2024-06-01,0.0,0.0
DZA,2024-06-01,0.0,0.0
ECU,2024-06-01,0.0,0.0
EGY,2024-06-01,0.0,0.0
ERI,2024-06-01,0.0,0.0
ESP,2024-06-01,0.0,0.0
EST,2024-06-01,0.0,0.0
FIN,2024-06-01,0.0,0.0
FJI,2024-06-01,0.0,0.0
FRA,2024-06-01,0.0,0.0
GAB,2024-06-01,0.0,0.0
GBR,2024-06-01,0.0,0.0
GEO,2024-06-01,0.0,0.0
GHA,2024-06-01,0.0,0.0
GIN,2024-06-01,0.0,0.0
GMB,2024-06-01,0.0,0.0
GNB,2024-06-01,0.0,0.0
GNQ,2024-06-01,0.0,0.0
GRC,2024-06-01,0.0,0.0
GRD,2024-06-01,0.0,0.0
GTM,2024-06-01,0.0,0.0
GUY,2024-06-01,0.0,0.0
HND,2024-06-01,0.0,0.0
HRV,2024-06-01,0.0,0.0
HTI,2024-06-01,0.0,0.0
HUN,2024-06-01,0.0,0.0
IDN,2024-06-01,0.0,0.0
IND,2024-06-01,0.0,0.0
IRL,2024-06-01,0.0,0.0
IRN,2024-06-01,0.0,0.0
IRQ,2024-06-01,0.0,0.0
ISL,2024-06-01,0.0,0.0
ISR,2024-06-01,0.0,0.0
ITA,2024-06-01,0.0,0.0
JAM,2024-06-01,0.0,0.0
JOR,2024-06-01,0.0,0.0
JPN,2024-06-01,0.0,0.0
KAZ,2024-06-01,0.0,0.0
KEN,2024-06-01,0.0,0.0
KGZ,2024-06-01,0.0,0.0
KHM,2024-06-01,0.0,0.0
KOR,2024-06-01,0.0,0.0
KWT,2024-06-01,0.0,0.0
LAO,2024-06-01,0.0,0.0
LBN,2024-06-01,0.0,0.0
LBR,2024-06-01,0.0,0.0
LBY,2024-06-01,0.0,0.0
LKA,2024-06-01,0.0,0.0
LSO,2024-06-01,0.0,0.0
LTU,2024-06-01,0.0,0.0
LUX,2024-06-01,0.0,0.0
LVA,2024-06-01,0.0,0.0
MAR,2024-06-01,0.0,0.0
MDA,2024-06-01,0.0,0.0
MDG,2024-06-01,0.0,0.0
MDV,2024-06-01,0.0,0.0
MEX,2024-06-01,0.0,0.0
MKD,2024-06-01,0.0,0.0
MLI,2024-06-01,0.0,0.0
MLT,2024-06-01,0.0,0.0
MNE,2024-06-01,0.0,0.0
MNG,2024-06-01,0.0,0.0
MOZ,2024-06-01,0.0,0.0
MRT,2024-06-01,0.0,0.0
MUS,2024-06-01,0.0,0.0
MWI,2024-06-01,0.0,0.0
MYS,2024-06-01,0.0,0.0
NAM,2024-06-01,0.0,0.0
NER,2024-06-01,0.0,0.0
NGA,2024-06-01,0.0,0.0
NIC,2024-06-01,0.0,0.0
NLD,2024-06-01,0.0,0.0
NOR,2024-06-01,0.0,0.0
NPL,2024-06-01,0.0,0.0
NZL,2024-06-01,0.0,0.0
OMN,2024-06-01,0.0,0.0
PAK,2024-06-01,0.0,0.0
PAN,2024-06-01,0.0,0.0
PER,2024-06-01,0.0,0.0
PHL,2024-06-01,0.0,0.0
PNG,2024-06-01,0.0,0.0
POL,2024-06-01,0.0,0.0
PRK,2024-06-01,0.0,0.0
PRT,2024-06-01,0.0,0.0
PRY,2024-06-01,0.0,0.0
QAT,2024-06-01,0.0,0.0
ROU,2024-06-01,0.0,0.0
RUS,2024-06-01,1.0,0.0
RWA,2024-06-01,0.0,0.0
SAU,2024-06-01,0.0,0.0
SDN,2024-06-01,0.0,0.0
SEN,2024-06-01,0.0,0.0
SGP,2024-06-01,0.0,0.0
SLB,2024-06-01,0.0,0.0
SLE,2024-06-01,0.0,0.0
SLV,2024-06-01,0.0,0.0
SOM,2024-06-01,1.0,0.0
SRB,2024-06-01,0.0,0.0
SSD,2024-06-01,0.0,0.0
STP,2024-06-01,0.0,0.0
SVK,2024-06-01,0.0,0.0
SVN,2024-06-01,0.0,0.0
SWE,2024-06-01,0.0,0.0
SWZ,2024-06-01,0.0,0.0
SYC,2024-06-01,0.0,0.0
SYR,2024-06-01,0.0,0.0
TCD,2024-06-01,0.0,0.0
TGO,2024-06-01,0.0,0.0
THA,2024-06-01,0.0,0.0
TJK,2024-06-01,0.0,0.0
TKM,2024-06-01,0.0,0.0
TLS,2024-06-01,0.0,0.0
TON,2024-06-01,0.0,0.0
TTO,2024-06-01,0.0,0.0
TUN,2024-06-01,0.0,0.0
TUR,2024-06-01,0.0,0.0
TZA,2024-06-01,0.0,0.0
UGA,2024-06-01,0.0,0.0
UKR,2024-06-01,1.0,0.0
URY,2024-06-01,0.0,0.0
USA,2024-06-01,0.0,0.0
UZB,2024-06-01,0.0,0.0
VEN,2024-06-01,0.0,0.0
VNM,2024-06-01,0.0,0.0
VUT,2024-06-01,0.0,0.0
WSM,2024-06-01,0.0,0.0
YEM,2024-06-01,0.0,0.0
ZAF,2024-06-01,0.0,0.0
ZMB,2024-06-01,0.0,0.0
ZWE,2024-06-01,0.0,0.0
AFG,2024-07-01,0.0,0.0
AGO,2024-07-01,0.0,0.0
ALB,2024-07-01,0.0,0.0
ARE,2024-07-01,0.0,0.0
ARG,2024-07-01,0.0,0.0
ARM,2024-07-01,0.0,0.0
AUS,2024-07-01,0.0,0.0
AUT,2024-07-01,0.0,0.0
AZE,2024-07-01,0.0,0.0
BDI,2024-07-01,0.0,0.0
BEL,2024-07-01,0.0,0.0
BEN,2024-07-01,0.0,0.0
BGD,2024-07-01,0.0,0.0
BGR,2024-07-01,0.0,0.0
BHR,2024-07-01,0.0,0.0
BHS,2024-07-01,0.0,0.0
BIH,2024-07-01,0.0,0.0
BLR,2024-07-01,0.0,0.0
BLZ,2024-07-01,0.0,0.0
BOL,2024-07-01,0.0,0.0
BRA,2024-07-01,0.0,0.0
BRB,2024-07-01,0.0,0.0
BRN,2024-07-01,0.0,0.0
BTN,2024-07-01,0.0,0.0
BWA,2024-07-01,0.0,0.0
CAF,2024-07-01,0.0,0.0
CAN,2024-07-01,0.0,0.0
CHE,2024-07-01,0.0,0.0
CHL,2024-07-01,0.0,0.0
CHN,2024-07-01,0.0,0.0
CIV,2024-07-01,0.0,0.0
CMR,2024-07-01,0.0,0.0
COL,2024-07-01,0.0,0.0
COM,2024-07-01,0.0,0.0
CRI,2024-07-01,0.0,0.0
CUB,2024-07-01,0.0,0.0
CYP,2024-07-01,0.0,0.0
CZE,2024-07-01,0.0,0.0
DEU,2024-07-01,0.0,0.0
DJI,2024-07-01,0.0,0.0
DNK,2024-07-01,0.0,0.0
DOM,2024-07-01,0.0,0.0
DZA,2024-07-01,0.0,0.0
ECU,2024-07-01,0.0,0.0
EGY,2024-07-01,0.0,0.0
ERI,2024-07-01,0.0,0.0
ESP,2024-07-01,0.0,0.0
EST,2024-07-01,0.0,0.0
FIN,2024-07-01,0.0,0.0
FJI,2024-07-01,0.0,0.0
FRA,2024-07-01,0.0,0.0
GAB,2024-07-01,0.0,0.0
GBR,2024-07-01,0.0,0.0
GEO,2024-07-01,0.0,0.0
GHA,2024-07-01,0.0,0.0
GIN,2024-07-01,0.0,0.0
GMB,2024-07-01,0.0,0.0
GNB,2024-07-01,0.0,0.0
GNQ,2024-07-01,0.0,0.0
GRC,2024-07-01,0.0,0.0
GRD,2024-07-01,0.0,0.0
GTM,2024-07-01,0.0,0.0
GUY,2024-07-01,0.0,0.0
HND,2024-07-01,0.0,0.0
HRV,2024-07-01,0.0,0.0
HTI,2024-07-01,0.0,0.0
HUN,2024-07-01,0.0,0.0
IDN,2024-07-01,0.0,0.0
IND,2024-07-01,0.0,0.0
IRL,2024-07-01,0.0,0.0
IRN,2024-07-01,0.0,0.0
IRQ,2024-07-01,0.0,0.0
ISL,2024-07-01,0.0,0.0
ISR,2024-07-01,0.0,0.0
ITA,2024-07-01,0.0,0.0
JAM,2024-07-01,0.0,0.0
JOR,2024-07-01,0.0,0.0
JPN,2024-07-01,0.0,0.0
KAZ,2024-07-01,0.0,0.0
KEN,2024-07-01,0.0,0.0
KGZ,2024-07-01,0.0,0.0
KHM,2024-07-01,0.0,0.0
KOR,2024-07-01,0.0,0.0
KWT,2024-07-01,0.0,0.0
LAO,2024-07-01,0.0,0.0
LBN,2024-07-01,1.0,0.0
LBR,2024-07-01,0.0,0.0
LBY,2024-07-01,0.0,0.0
LKA,2024-07-01,0.0,0.0
LSO,2024-07-01,0.0,0.0
LTU,2024-07-01,0.0,0.0
LUX,2024-07-01,0.0,0.0
LVA,2024-07-01,0.0,0.0
MAR,2024-07-01,0.0,0.0
MDA,2024-07-01,0.0,0.0
MDG,2024-07-01,0.0,0.0
MDV,2024-07-01,0.0,0.0
MEX,2024-07-01,0.0,0.0
MKD,2024-07-01,0.0,0.0
MLI,2024-07-01,0.0,0.0
MLT,2024-07-01,0.0,0.0
MNE,2024-07-01,0.0,0.0
MNG,2024-07-01,0.0,0.0
MOZ,2024-07-01,0.0,0.0
MRT,2024-07-01,0.0,0.0
MUS,2024-07-01,0.0,0.0
MWI,2024-07-01,0.0,0.0
MYS,2024-07-01,0.0,0.0
NAM,2024-07-01,0.0,0.0
NER,2024-07-01,0.0,0.0
NGA,2024-07-01,0.0,0.0
NIC,2024-07-01,0.0,0.0
NLD,2024-07-01,0.0,0.0
NOR,2024-07-01,0.0,0.0
NPL,2024-07-01,0.0,0.0
NZL,2024-07-01,0.0,0.0
OMN,2024-07-01,0.0,0.0
PAK,2024-07-01,0.0,0.0
PAN,2024-07-01,0.0,0.0
PER,2024-07-01,0.0,0.0
PHL,2024-07-01,0.0,0.0
PNG,2024-07-01,0.0,0.0
POL,2024-07-01,0.0,0.0
PRK,2024-07-01,0.0,0.0
PRT,2024-07-01,0.0,0.0
PRY,2024-07-01,0.0,0.0
QAT,2024-07-01,0.0,0.0
ROU,2024-07-01,0.0,0.0
RUS,2024-07-01,1.0,0.0
RWA,2024-07-01,0.0,0.0
SAU,2024-07-01,0.0,0.0
SDN,2024-07-01,0.0,0.0
SEN,2024-07-01,0.0,0.0
SGP,2024-07-01,0.0,0.0
SLB,2024-07-01,0.0,0.0
SLE,2024-07-01,0.0,0.0
SLV,2024-07-01,0.0,0.0
SRB,2024-07-01,0.0,0.0
SSD,2024-07-01,0.0,0.0
STP,2024-07-01,0.0,0.0
SVK,2024-07-01,0.0,0.0
SVN,2024-07-01,0.0,0.0
SWE,2024-07-01,0.0,0.0
SWZ,2024-07-01,0.0,0.0
SYC,2024-07-01,0.0,0.0
SYR,2024-07-01,0.0,0.0
TCD,2024-07-01,0.0,0.0
TGO,2024-07-01,0.0,0.0
THA,2024-07-01,0.0,0.0
TJK,2024-07-01,0.0,0.0
TKM,2024-07-01,0.0,0.0
TLS,2024-07-01,0.0,0.0
TON,2024-07-01,0.0,0.0
TTO,2024-07-01,0.0,0.0
TUN,2024-07-01,0.0,0.0
TUR,2024-07-01,0.0,0.0
TZA,2024-07-01,0.0,0.0
UGA,2024-07-01,0.0,0.0
UKR,2024-07-01,1.0,0.0
URY,2024-07-01,0.0,0.0
USA,2024-07-01,0.0,0.0
UZB,2024-07-01,0.0,0.0
VEN,2024-07-01,0.0,0.0
VNM,2024-07-01,0.0,0.0
VUT,2024-07-01,0.0,0.0
WSM,2024-07-01,0.0,0.0
YEM,2024-07-01,0.0,0.0
ZAF,2024-07-01,0.0,0.0
ZMB,2024-07-01,0.0,0.0
ZWE,2024-07-01,0.0,0.0
AFG,2024-08-01,0.0,0.0
AGO,2024-08-01,0.0,0.0
ALB,2024-08-01,0.0,0.0
ARE,2024-08-01,0.0,0.0
ARG,2024-08-01,0.0,0.0
ARM,2024-08-01,0.0,0.0
AUS,2024-08-01,0.0,0.0
AUT,2024-08-01,0.0,0.0
AZE,2024-08-01,0.0,0.0
BDI,2024-08-01,0.0,0.0
BEL,2024-08-01,0.0,0.0
BEN,2024-08-01,0.0,0.0
BGD,2024-08-01,0.0,0.0
BGR,2024-08-01,0.0,0.0
BHR,2024-08-01,0.0,0.0
BHS,2024-08-01,0.0,0.0
BIH,2024-08-01,0.0,0.0
BLR,2024-08-01,0.0,0.0
BLZ,2024-08-01,0.0,0.0
BOL,2024-08-01,0.0,0.0
BRA,2024-08-01,0.0,0.0
BRB,2024-08-01,0.0,0.0
BRN,2024-08-01,0.0,0.0
BTN,2024-08-01,0.0,0.0
BWA,2024-08-01,0.0,0.0
CAF,2024-08-01,0.0,0.0
CAN,2024-08-01,0.0,0.0
CHE,2024-08-01,0.0,0.0
CHL,2024-08-01,0.0,0.0
CHN,2024-08-01,0.0,0.0
CIV,2024-08-01,0.0,0.0
CMR,2024-08-01,0.0,0.0
COL,2024-08-01,0.0,0.0
COM,2024-08-01,0.0,0.0
CRI,2024-08-01,0.0,0.0
CUB,2024-08-01,0.0,0.0
CYP,2024-08-01,0.0,0.0
CZE,2024-08-01,0.0,0.0
DEU,2024-08-01,0.0,0.0
DJI,2024-08-01,0.0,0.0
DNK,2024-08-01,0.0,0.0
DOM,2024-08-01,0.0,0.0
DZA,2024-08-01,0.0,0.0
ECU,2024-08-01,0.0,0.0
EGY,2024-08-01,0.0,0.0
ERI,2024-08-01,0.0,0.0
ESP,2024-08-01,0.0,0.0
EST,2024-08-01,0.0,0.0
FIN,2024-08-01,0.0,0.0
FJI,2024-08-01,0.0,0.0
FRA,2024-08-01,0.0,0.0
GAB,2024-08-01,0.0,0.0
GBR,2024-08-01,0.0,0.0
GEO,2024-08-01,0.0,0.0
GHA,2024-08-01,0.0,0.0
GIN,2024-08-01,0.0,0.0
GMB,2024-08-01,0.0,0.0
GNB,2024-08-01,0.0,0.0
GNQ,2024-08-01,0.0,0.0
GRC,2024-08-01,0.0,0.0
GRD,2024-08-01,0.0,0.0
GTM,2024-08-01,0.0,0.0
GUY,2024-08-01,0.0,0.0
HND,2024-08-01,0.0,0.0
HRV,2024-08-01,0.0,0.0
HTI,2024-08-01,0.0,0.0
HUN,2024-08-01,0.0,0.0
IDN,2024-08-01,0.0,0.0
IND,2024-08-01,0.0,0.0
IRL,2024-08-01,0.0,0.0
IRN,2024-08-01,0.0,0.0
IRQ,2024-08-01,0.0,0.0
ISL,2024-08-01,0.0,0.0
ISR,2024-08-01,0.0,0.0
ITA,2024-08-01,0.0,0.0
JAM,2024-08-01,0.0,0.0
JOR,2024-08-01,0.0,0.0
JPN,2024-08-01,0.0,0.0
KAZ,2024-08-01,0.0,0.0
KEN,2024-08-01,0.0,0.0
KGZ,2024-08-01,0.0,0.0
KHM,2024-08-01,0.0,0.0
KOR,2024-08-01,0.0,0.0
KWT,2024-08-01,0.0,0.0
LAO,2024-08-01,0.0,0.0
LBN,2024-08-01,1.0,0.0
LBR,2024-08-01,0.0,0.0
LBY,2024-08-01,0.0,0.0
LKA,2024-08-01,0.0,0.0
LSO,2024-08-01,0.0,0.0
LTU,2024-08-01,0.0,0.0
LUX,2024-08-01,0.0,0.0
LVA,2024-08-01,0.0,0.0
MAR,2024-08-01,0.0,0.0
MDA,2024-08-01,0.0,0.0
MDG,2024-08-01,0.0,0.0
MDV,2024-08-01,0.0,0.0
MEX,2024-08-01,0.0,0.0
MKD,2024-08-01,0.0,0.0
MLI,2024-08-01,0.0,0.0
MLT,2024-08-01,0.0,0.0
MNE,2024-08-01,0.0,0.0
MNG,2024-08-01,0.0,0.0
MOZ,2024-08-01,0.0,0.0
MRT,2024-08-01,0.0,0.0
MUS,2024-08-01,0.0,0.0
MWI,2024-08-01,0.0,0.0
MYS,2024-08-01,0.0,0.0
NAM,2024-08-01,0.0,0.0
NER,2024-08-01,0.0,0.0
NGA,2024-08-01,0.0,0.0
NIC,2024-08-01,0.0,0.0
NLD,2024-08-01,0.0,0.0
NOR,2024-08-01,0.0,0.0
NPL,2024-08-01,0.0,0.0
NZL,2024-08-01,0.0,0.0
OMN,2024-08-01,0.0,0.0
PAK,2024-08-01,0.0,0.0
PAN,2024-08-01,0.0,0.0
PER,2024-08-01,0.0,0.0
PHL,2024-08-01,0.0,0.0
PNG,2024-08-01,0.0,0.0
POL,2024-08-01,0.0,0.0
PRK,2024-08-01,0.0,0.0
PRT,2024-08-01,0.0,0.0
PRY,2024-08-01,0.0,0.0
QAT,2024-08-01,0.0,0.0
ROU,2024-08-01,0.0,0.0
RWA,2024-08-01,0.0,0.0
SAU,2024-08-01,0.0,0.0
SDN,2024-08-01,1.0,0.0
SEN,2024-08-01,0.0,0.0
SGP,2024-08-01,0.0,0.0
SLB,2024-08-01,0.0,0.0
SLE,2024-08-01,0.0,0.0
SLV,2024-08-01,0.0,0.0
SRB,2024-08-01,0.0,0.0
SSD,2024-08-01,0.0,0.0
STP,2024-08-01,0.0,0.0
SVK,2024-08-01,0.0,0.0
SVN,2024-08-01,0.0,0.0
SWE,2024-08-01,0.0,0.0
SWZ,2024-08-01,0.0,0.0
SYC,2024-08-01,0.0,0.0
SYR,2024-08-01,0.0,0.0
TCD,2024-08-01,0.0,0.0
TGO,2024-08-01,0.0,0.0
THA,2024-08-01,0.0,0.0
TJK,2024-08-01,0.0,0.0
TKM,2024-08-01,0.0,0.0
TLS,2024-08-01,0.0,0.0
TON,2024-08-01,0.0,0.0
TTO,2024-08-01,0.0,0.0
TUN,2024-08-01,0.0,0.0
TUR,2024-08-01,0.0,0.0
TZA,2024-08-01,0.0,0.0
UGA,2024-08-01,0.0,0.0
URY,2024-08-01,0.0,0.0
USA,2024-08-01,0.0,0.0
UZB,2024-08-01,0.0,0.0
VEN,2024-08-01,0.0,0.0
VNM,2024-08-01,0.0,0.0
VUT,2024-08-01,0.0,0.0
WSM,2024-08-01,0.0,0.0
YEM,2024-08-01,0.0,0.0
ZAF,2024-08-01,0.0,0.0
ZMB,2024-08-01,0.0,0.0
ZWE,2024-08-01,0.0,0.0
AFG,2024-09-01,0.0,0.0
AGO,2024-09-01,0.0,0.0
ALB,2024-09-01,0.0,0.0
ARE,2024-09-01,0.0,0.0
ARG,2024-09-01,0.0,0.0
ARM,2024-09-01,0.0,0.0
AUS,2024-09-01,0.0,0.0
AUT,2024-09-01,0.0,0.0
AZE,2024-09-01,0.0,0.0
BDI,2024-09-01,0.0,0.0
BEL,2024-09-01,0.0,0.0
BEN,2024-09-01,0.0,0.0
BGD,2024-09-01,0.0,0.0
BGR,2024-09-01,0.0,0.0
BHR,2024-09-01,0.0,0.0
BHS,2024-09-01,0.0,0.0
BIH,2024-09-01,0.0,0.0
BLR,2024-09-01,0.0,0.0
BLZ,2024-09-01,0.0,0.0
BOL,2024-09-01,0.0,0.0
BRA,2024-09-01,0.0,0.0
BRB,2024-09-01,0.0,0.0
BRN,2024-09-01,0.0,0.0
BTN,2024-09-01,0.0,0.0
BWA,2024-09-01,0.0,0.0
CAF,2024-09-01,0.0,0.0
CAN,2024-09-01,0.0,0.0
CHE,2024-09-01,0.0,0.0
CHL,2024-09-01,0.0,0.0
CHN,2024-09-01,0.0,0.0
CIV,2024-09-01,0.0,0.0
CMR,2024-09-01,0.0,0.0
COL,2024-09-01,0.0,0.0
COM,2024-09-01,0.0,0.0
CRI,2024-09-01,0.0,0.0
CUB,2024-09-01,0.0,0.0
CYP,2024-09-01,0.0,0.0
CZE,2024-09-01,0.0,0.0
DEU,2024-09-01,0.0,0.0
DJI,2024-09-01,0.0,0.0
DNK,2024-09-01,0.0,0.0
DOM,2024-09-01,0.0,0.0
DZA,2024-09-01,0.0,0.0
ECU,2024-09-01,0.0,0.0
EGY,2024-09-01,0.0,0.0
ERI,2024-09-01,0.0,0.0
ESP,2024-09-01,0.0,0.0
EST,2024-09-01,0.0,0.0
FIN,2024-09-01,0.0,0.0
FJI,2024-09-01,0.0,0.0
FRA,2024-09-01,0.0,0.0
GAB,2024-09-01,0.0,0.0
GBR,2024-09-01,0.0,0.0
GEO,2024-09-01,0.0,0.0
GHA,2024-09-01,0.0,0.0
GIN,2024-09-01,0.0,0.0
GMB,2024-09-01,0.0,0.0
GNB,2024-09-01,0.0,0.0
GNQ,2024-09-01,0.0,0.0
GRC,2024-09-01,0.0,0.0
GRD,2024-09-01,0.0,0.0
GTM,2024-09-01,0.0,0.0
GUY,2024-09-01,0.0,0.0
HND,2024-09-01,0.0,0.0
HRV,2024-09-01,0.0,0.0
HTI,2024-09-01,0.0,0.0
HUN,2024-09-01,0.0,0.0
IDN,2024-09-01,0.0,0.0
IND,2024-09-01,0.0,0.0
IRL,2024-09-01,0.0,0.0
IRN,2024-09-01,0.0,0.0
IRQ,2024-09-01,0.0,0.0
ISL,2024-09-01,0.0,0.0
ISR,2024-09-01,0.0,0.0
ITA,2024-09-01,0.0,0.0
JAM,2024-09-01,0.0,0.0
JOR,2024-09-01,0.0,0.0
JPN,2024-09-01,0.0,0.0
KAZ,2024-09-01,0.0,0.0
KEN,2024-09-01,0.0,0.0
KGZ,2024-09-01,0.0,0.0
KHM,2024-09-01,0.0,0.0
KOR,2024-09-01,0.0,0.0
KWT,2024-09-01,0.0,0.0
LAO,2024-09-01,0.0,0.0
LBR,2024-09-01,0.0,0.0
LBY,2024-09-01,0.0,0.0
LKA,2024-09-01,0.0,0.0
LSO,2024-09-01,0.0,0.0
LTU,2024-09-01,0.0,0.0
LUX,2024-09-01,0.0,0.0
LVA,2024-09-01,0.0,0.0
MAR,2024-09-01,0.0,0.0
MDA,2024-09-01,0.0,0.0
MDG,2024-09-01,0.0,0.0
MDV,2024-09-01,0.0,0.0
MEX,2024-09-01,0.0,0.0
MKD,2024-09-01,0.0,0.0
MLI,2024-09-01,0.0,0.0
MLT,2024-09-01,0.0,0.0
MNE,2024-09-01,0.0,0.0
MNG,2024-09-01,0.0,0.0
MOZ,2024-09-01,0.0,0.0
MRT,2024-09-01,0.0,0.0
MUS,2024-09-01,0.0,0.0
MWI,2024-09-01,0.0,0.0
MYS,2024-09-01,0.0,0.0
NAM,2024-09-01,0.0,0.0
NER,2024-09-01,0.0,0.0
NGA,2024-09-01,0.0,0.0
NIC,2024-09-01,0.0,0.0
NLD,2024-09-01,0.0,0.0
NOR,2024-09-01,0.0,0.0
NPL,2024-09-01,0.0,0.0
NZL,2024-09-01,0.0,0.0
OMN,2024-09-01,0.0,0.0
PAK,2024-09-01,0.0,0.0
PAN,2024-09-01,0.0,0.0
PER,2024-09-01,0.0,0.0
PHL,2024-09-01,0.0,0.0
PNG,2024-09-01,0.0,0.0
POL,2024-09-01,0.0,0.0
PRK,2024-09-01,0.0,0.0
PRT,2024-09-01,0.0,0.0
PRY,2024-09-01,0.0,0.0
PSE,2024-09-01,0.0,0.0
QAT,2024-09-01,0.0,0.0
ROU,2024-09-01,0.0,0.0
RWA,2024-09-01,0.0,0.0
SAU,2024-09-01,0.0,0.0
SDN,2024-09-01,1.0,0.0
SEN,2024-09-01,0.0,0.0
SGP,2024-09-01,0.0,0.0
SLB,2024-09-01,0.0,0.0
SLE,2024-09-01,0.0,0.0
SLV,2024-09-01,0.0,0.0
SOM,2024-09-01,0.0,0.0
SRB,2024-09-01,0.0,0.0
SSD,2024-09-01,0.0,0.0
STP,2024-09-01,0.0,0.0
SVK,2024-09-01,0.0,0.0
SVN,2024-09-01,0.0,0.0
SWE,2024-09-01,0.0,0.0
SWZ,2024-09-01,0.0,0.0
SYC,2024-09-01,0.0,0.0
SYR,2024-09-01,1.0,0.0
TCD,2024-09-01,0.0,0.0
TGO,2024-09-01,0.0,0.0
THA,2024-09-01,0.0,0.0
TJK,2024-09-01,0.0,0.0
TKM,2024-09-01,0.0,0.0
TLS,2024-09-01,0.0,0.0
TON,2024-09-01,0.0,0.0
TTO,2024-09-01,0.0,0.0
TUN,2024-09-01,0.0,0.0
TUR,2024-09-01,0.0,0.0
TZA,2024-09-01,0.0,0.0
UGA,2024-09-01,0.0,0.0
URY,2024-09-01,0.0,0.0
USA,2024-09-01,0.0,0.0
UZB,2024-09-01,0.0,0.0
VEN,2024-09-01,0.0,0.0
VNM,2024-09-01,0.0,0.0
VUT,2024-09-01,0.0,0.0
WSM,2024-09-01,0.0,0.0
YEM,2024-09-01,0.0,0.0
ZAF,2024-09-01,0.0,0.0
ZMB,2024-09-01,0.0,0.0
ZWE,2024-09-01,0.0,0.0
AFG,2024-10-01,0.0,0.0
AGO,2024-10-01,0.0,0.0
ALB,2024-10-01,0.0,0.0
ARE,2024-10-01,0.0,0.0
ARG,2024-10-01,0.0,0.0
ARM,2024-10-01,0.0,0.0
AUS,2024-10-01,0.0,0.0
AUT,2024-10-01,0.0,0.0
AZE,2024-10-01,0.0,0.0
BDI,2024-10-01,0.0,0.0
BEL,2024-10-01,0.0,0.0
BEN,2024-10-01,0.0,0.0
BGD,2024-10-01,0.0,0.0
BGR,2024-10-01,0.0,0.0
BHR,2024-10-01,0.0,0.0
BHS,2024-10-01,0.0,0.0
BIH,2024-10-01,0.0,0.0
BLR,2024-10-01,0.0,0.0
BLZ,2024-10-01,0.0,0.0
BOL,2024-10-01,0.0,0.0
BRA,2024-10-01,0.0,0.0
BRB,2024-10-01,0.0,0.0
BRN,2024-10-01,0.0,0.0
BTN,2024-10-01,0.0,0.0
BWA,2024-10-01,0.0,0.0
CAF,2024-10-01,0.0,0.0
CAN,2024-10-01,0.0,0.0
CHE,2024-10-01,0.0,0.0
CHL,2024-10-01,0.0,0.0
CHN,2024-10-01,0.0,0.0
CIV,2024-10-01,0.0,0.0
CMR,2024-10-01,0.0,0.0
COL,2024-10-01,0.0,0.0
COM,2024-10-01,0.0,0.0
CRI,2024-10-01,0.0,0.0
CUB,2024-10-01,0.0,0.0
CYP,2024-10-01,0.0,0.0
CZE,2024-10-01,0.0,0.0
DEU,2024-10-01,0.0,0.0
DJI,2024-10-01,0.0,0.0
DNK,2024-10-01,0.0,0.0
DOM,2024-10-01,0.0,0.0
DZA,2024-10-01,0.0,0.0
ECU,2024-10-01,0.0,0.0
EGY,2024-10-01,0.0,0.0
ERI,2024-10-01,0.0,0.0
ESP,2024-10-01,0.0,0.0
EST,2024-10-01,0.0,0.0
ETH,2024-10-01,0.0,0.0
FIN,2024-10-01,0.0,0.0
FJI,2024-10-01,0.0,0.0
FRA,2024-10-01,0.0,0.0
GAB,2024-10-01,0.0,0.0
GBR,2024-10-01,0.0,0.0
GEO,2024-10-01,0.0,0.0
GHA,2024-10-01,0.0,0.0
GIN,2024-10-01,0.0,0.0
GMB,2024-10-01,0.0,0.0
GNB,2024-10-01,0.0,0.0
GNQ,2024-10-01,0.0,0.0
GRC,2024-10-01,0.0,0.0
GRD,2024-10-01,0.0,0.0
GTM,2024-10-01,0.0,0.0
GUY,2024-10-01,0.0,0.0
HND,2024-10-01,0.0,0.0
HRV,2024-10-01,0.0,0.0
HTI,2024-10-01,1.0,0.0
HUN,2024-10-01,0.0,0.0
IDN,2024-10-01,0.0,0.0
IND,2024-10-01,0.0,0.0
IRL,2024-10-01,0.0,0.0
IRN,2024-10-01,0.0,0.0
IRQ,2024-10-01,0.0,0.0
ISL,2024-10-01,0.0,0.0
ISR,2024-10-01,0.0,0.0
ITA,2024-10-01,0.0,0.0
JAM,2024-10-01,0.0,0.0
JOR,2024-10-01,0.0,0.0
JPN,2024-10-01,0.0,0.0
KAZ,2024-10-01,0.0,0.0
KEN,2024-10-01,0.0,0.0
KGZ,2024-10-01,0.0,0.0
KHM,2024-10-01,0.0,0.0
KOR,2024-10-01,0.0,0.0
KWT,2024-10-01,0.0,0.0
LAO,2024-10-01,0.0,0.0
LBR,2024-10-01,0.0,0.0
LBY,2024-10-01,0.0,0.0
LKA,2024-10-01,0.0,0.0
LSO,2024-10-01,0.0,0.0
LTU,2024-10-01,0.0,0.0
LUX,2024-10-01,0.0,0.0
LVA,2024-10-01,0.0,0.0
MAR,2024-10-01,0.0,0.0
MDA,2024-10-01,0.0,0.0
MDG,2024-10-01,0.0,0.0
MDV,2024-10-01,0.0,0.0
MEX,2024-10-01,0.0,0.0
MKD,2024-10-01,0.0,0.0
MLI,2024-10-01,0.0,0.0
MLT,2024-10-01,0.0,0.0
MNE,2024-10-01,0.0,0.0
MNG,2024-10-01,0.0,0.0
MOZ,2024-10-01,0.0,0.0
MRT,2024-10-01,0.0,0.0
MUS,2024-10-01,0.0,0.0
MWI,2024-10-01,0.0,0.0
MYS,2024-10-01,0.0,0.0
NAM,2024-10-01,0.0,0.0
NER,2024-10-01,0.0,0.0
NGA,2024-10-01,0.0,0.0
NIC,2024-10-01,0.0,0.0
NLD,2024-10-01,0.0,0.0
NOR,2024-10-01,0.0,0.0
NPL,2024-10-01,0.0,0.0
NZL,2024-10-01,0.0,0.0
OMN,2024-10-01,0.0,0.0
PAK,2024-10-01,0.0,0.0
PAN,2024-10-01,0.0,0.0
PER,2024-10-01,0.0,0.0
PHL,2024-10-01,0.0,0.0
PNG,2024-10-01,0.0,0.0
POL,2024-10-01,0.0,0.0
PRK,2024-10-01,0.0,0.0
PRT,2024-10-01,0.0,0.0
PRY,2024-10-01,0.0,0.0
PSE,2024-10-01,0.0,0.0
QAT,2024-10-01,0.0,0.0
ROU,2024-10-01,0.0,0.0
RUS,2024-10-01,0.0,0.0
RWA,2024-10-01,0.0,0.0
SAU,2024-10-01,0.0,0.0
SEN,2024-10-01,0.0,0.0
SGP,2024-10-01,0.0,0.0
SLB,2024-10-01,0.0,0.0
SLE,2024-10-01,0.0,0.0
SLV,2024-10-01,0.0,0.0
SOM,2024-10-01,0.0,0.0
SRB,2024-10-01,0.0,0.0
SSD,2024-10-01,1.0,0.0
STP,2024-10-01,0.0,0.0
SVK,2024-10-01,0.0,0.0
SVN,2024-10-01,0.0,0.0
SWE,2024-10-01,0.0,0.0
SWZ,2024-10-01,0.0,0.0
SYC,2024-10-01,0.0,0.0
SYR,2024-10-01,1.0,0.0
TCD,2024-10-01,0.0,0.0
TGO,2024-10-01,0.0,0.0
THA,2024-10-01,0.0,0.0
TJK,2024-10-01,0.0,0.0
TKM,2024-10-01,0.0,0.0
TLS,2024-10-01,0.0,0.0
TON,2024-10-01,0.0,0.0
TTO,2024-10-01,0.0,0.0
TUN,2024-10-01,0.0,0.0
TUR,2024-10-01,0.0,0.0
TZA,2024-10-01,0.0,0.0
UGA,2024-10-01,0.0,0.0
URY,2024-10-01,0.0,0.0
USA,2024-10-01,0.0,0.0
UZB,2024-10-01,0.0,0.0
VEN,2024-10-01,0.0,0.0
VNM,2024-10-01,0.0,0.0
VUT,2024-10-01,0.0,0.0
WSM,2024-10-01,0.0,0.0
YEM,2024-10-01,0.0,0.0
ZAF,2024-10-01,0.0,0.0
ZMB,2024-10-01,0.0,0.0
ZWE,2024-10-01,0.0,0.0
AFG,2024-11-01,0.0,0.0
AGO,2024-11-01,0.0,0.0
ALB,2024-11-01,0.0,0.0
ARE,2024-11-01,0.0,0.0
ARG,2024-11-01,0.0,0.0
ARM,2024-11-01,0.0,0.0
AUS,2024-11-01,0.0,0.0
AUT,2024-11-01,0.0,0.0
AZE,2024-11-01,0.0,0.0
BDI,2024-11-01,0.0,0.0
BEL,2024-11-01,0.0,0.0
BEN,2024-11-01,0.0,0.0
BGD,2024-11-01,0.0,0.0
BGR,2024-11-01,0.0,0.0
BHR,2024-11-01,0.0,0.0
BHS,2024-11-01,0.0,0.0
BIH,2024-11-01,0.0,0.0
BLR,2024-11-01,0.0,0.0
BLZ,2024-11-01,0.0,0.0
BOL,2024-11-01,0.0,0.0
BRA,2024-11-01,0.0,0.0
BRB,2024-11-01,0.0,0.0
BRN,2024-11-01,0.0,0.0
BTN,2024-11-01,0.0,0.0
BWA,2024-11-01,0.0,0.0
CAF,2024-11-01,0.0,0.0
CAN,2024-11-01,0.0,0.0
CHE,2024-11-01,0.0,0.0
CHL,2024-11-01,0.0,0.0
CHN,2024-11-01,0.0,0.0
CIV,2024-11-01,0.0,0.0
CMR,2024-11-01,0.0,0.0
COL,2024-11-01,1.0,0.0
COM,2024-11-01,0.0,0.0
CRI,2024-11-01,0.0,0.0
CUB,2024-11-01,0.0,0.0
CYP,2024-11-01,0.0,0.0
CZE,2024-11-01,0.0,0.0
DEU,2024-11-01,0.0,0.0
DJI,2024-11-01,0.0,0.0
DNK,2024-11-01,0.0,0.0
DOM,2024-11-01,0.0,0.0
DZA,2024-11-01,0.0,0.0
ECU,2024-11-01,0.0,0.0
EGY,2024-11-01,0.0,0.0
ERI,2024-11-01,0.0,0.0
ESP,2024-11-01,0.0,0.0
EST,2024-11-01,0.0,0.0
ETH,2024-11-01,0.0,0.0
FIN,2024-11-01,0.0,0.0
FJI,2024-11-01,0.0,0.0
FRA,2024-11-01,0.0,0.0
GAB,2024-11-01,0.0,0.0
GBR,2024-11-01,0.0,0.0
GEO,2024-11-01,0.0,0.0
GHA,2024-11-01,0.0,0.0
GIN,2024-11-01,0.0,0.0
GMB,2024-11-01,0.0,0.0
GNB,2024-11-01,0.0,0.0
GNQ,2024-11-01,0.0,0.0
GRC,2024-11-01,0.0,0.0
GRD,2024-11-01,0.0,0.0
GTM,2024-11-01,0.0,0.0
GUY,2024-11-01,0.0,0.0
HND,2024-11-01,0.0,0.0
HRV,2024-11-01,0.0,0.0
HTI,2024-11-01,1.0,0.0
HUN,2024-11-01,0.0,0.0
IDN,2024-11-01,0.0,0.0
IND,2024-11-01,0.0,0.0
IRL,2024-11-01,0.0,0.0
IRN,2024-11-01,0.0,0.0
IRQ,2024-11-01,0.0,0.0
ISL,2024-11-01,0.0,0.0
ISR,2024-11-01,0.0,0.0
ITA,2024-11-01,0.0,0.0
JAM,2024-11-01,0.0,0.0
JOR,2024-11-01,0.0,0.0
JPN,2024-11-01,0.0,0.0
KAZ,2024-11-01,0.0,0.0
KEN,2024-11-01,0.0,0.0
KGZ,2024-11-01,0.0,0.0
KHM,2024-11-01,0.0,0.0
KOR,2024-11-01,0.0,0.0
KWT,2024-11-01,0.0,0.0
LAO,2024-11-01,0.0,0.0
LBN,2024-11-01,1.0,0.0
LBR,2024-11-01,0.0,0.0
LBY,2024-11-01,0.0,0.0
LKA,2024-11-01,0.0,0.0
LSO,2024-11-01,0.0,0.0
LTU,2024-11-01,0.0,0.0
LUX,2024-11-01,0.0,0.0
LVA,2024-11-01,0.0,0.0
MAR,2024-11-01,0.0,0.0
MDA,2024-11-01,0.0,0.0
MDG,2024-11-01,0.0,0.0
MDV,2024-11-01,0.0,0.0
MEX,2024-11-01,0.0,0.0
MKD,2024-11-01,0.0,0.0
MLI,2024-11-01,0.0,0.0
MLT,2024-11-01,0.0,0.0
MNE,2024-11-01,0.0,0.0
MNG,2024-11-01,0.0,0.0
MOZ,2024-11-01,0.0,0.0
MRT,2024-11-01,0.0,0.0
MUS,2024-11-01,0.0,0.0
MWI,2024-11-01,0.0,0.0
MYS,2024-11-01,0.0,0.0
NAM,2024-11-01,0.0,0.0
NER,2024-11-01,0.0,0.0
NGA,2024-11-01,0.0,0.0
NIC,2024-11-01,0.0,0.0
NLD,2024-11-01,0.0,0.0
NOR,2024-11-01,0.0,0.0
NPL,2024-11-01,0.0,0.0
NZL,2024-11-01,0.0,0.0
OMN,2024-11-01,0.0,0.0
PAK,2024-11-01,0.0,0.0
PAN,2024-11-01,0.0,0.0
PER,2024-11-01,0.0,0.0
PHL,2024-11-01,0.0,0.0
PNG,2024-11-01,0.0,0.0
POL,2024-11-01,0.0,0.0
PRK,2024-11-01,0.0,0.0
PRT,2024-11-01,0.0,0.0
PRY,2024-11-01,0.0,0.0
PSE,2024-11-01,0.0,0.0
QAT,2024-11-01,0.0,0.0
ROU,2024-11-01,0.0,0.0
RUS,2024-11-01,0.0,0.0
RWA,2024-11-01,0.0,0.0
SAU,2024-11-01,0.0,0.0
SEN,2024-11-01,0.0,0.0
SGP,2024-11-01,0.0,0.0
SLB,2024-11-01,0.0,0.0
SLE,2024-11-01,0.0,0.0
SLV,2024-11-01,0.0,0.0
SOM,2024-11-01,1.0,0.0
SRB,2024-11-01,0.0,0.0
SSD,2024-11-01,1.0,0.0
STP,2024-11-01,0.0,0.0
SVK,2024-11-01,0.0,0.0
SVN,2024-11-01,0.0,0.0
SWE,2024-11-01,0.0,0.0
SWZ,2024-11-01,0.0,0.0
SYC,2024-11-01,0.0,0.0
TCD,2024-11-01,0.0,0.0
TGO,2024-11-01,0.0,0.0
THA,2024-11-01,0.0,0.0
TJK,2024-11-01,0.0,0.0
TKM,2024-11-01,0.0,0.0
TLS,2024-11-01,0.0,0.0
TON,2024-11-01,0.0,0.0
TTO,2024-11-01,0.0,0.0
TUN,2024-11-01,0.0,0.0
TUR,2024-11-01,0.0,0.0
TZA,2024-11-01,0.0,0.0
UGA,2024-11-01,0.0,0.0
UKR,2024-11-01,0.0,0.0
URY,2024-11-01,0.0,0.0
USA,2024-11-01,0.0,0.0
UZB,2024-11-01,0.0,0.0
VEN,2024-11-01,0.0,0.0
VNM,2024-11-01,0.0,0.0
VUT,2024-11-01,0.0,0.0
WSM,2024-11-01,0.0,0.0
YEM,2024-11-01,0.0,0.0
ZAF,2024-11-01,0.0,0.0
ZMB,2024-11-01,0.0,0.0
ZWE,2024-11-01,0.0,0.0
AFG,2024-12-01,0.0,0.0
AGO,2024-12-01,0.0,0.0
ALB,2024-12-01,0.0,0.0
ARE,2024-12-01,0.0,0.0
ARG,2024-12-01,0.0,0.0
ARM,2024-12-01,0.0,0.0
AUS,2024-12-01,0.0,0.0
AUT,2024-12-01,0.0,0.0
AZE,2024-12-01,0.0,0.0
BDI,2024-12-01,0.0,0.0
BEL,2024-12-01,0.0,0.0
BEN,2024-12-01,0.0,0.0
BGD,2024-12-01,0.0,0.0
BGR,2024-12-01,0.0,0.0
BHR,2024-12-01,0.0,0.0
BHS,2024-12-01,0.0,0.0
BIH,2024-12-01,0.0,0.0
BLR,2024-12-01,0.0,0.0
BLZ,2024-12-01,0.0,0.0
BOL,2024-12-01,0.0,0.0
BRA,2024-12-01,0.0,0.0
BRB,2024-12-01,0.0,0.0
BRN,2024-12-01,0.0,0.0
BTN,2024-12-01,0.0,0.0
BWA,2024-12-01,0.0,0.0
CAF,2024-12-01,0.0,0.0
CAN,2024-12-01,0.0,0.0
CHE,2024-12-01,0.0,0.0
CHL,2024-12-01,0.0,0.0
CHN,2024-12-01,0.0,0.0
CIV,2024-12-01,0.0,0.0
CMR,2024-12-01,0.0,0.0
COL,2024-12-01,1.0,0.0
COM,2024-12-01,0.0,0.0
CRI,2024-12-01,0.0,0.0
CUB,2024-12-01,0.0,0.0
CYP,2024-12-01,0.0,0.0
CZE,2024-12-01,0.0,0.0
DEU,2024-12-01,0.0,0.0
DJI,2024-12-01,0.0,0.0
DNK,2024-12-01,0.0,0.0
DOM,2024-12-01,0.0,0.0
DZA,2024-12-01,0.0,0.0
ECU,2024-12-01,0.0,0.0
EGY,2024-12-01,0.0,0.0
ERI,2024-12-01,0.0,0.0
ESP,2024-12-01,0.0,0.0
EST,2024-12-01,0.0,0.0
ETH,2024-12-01,0.0,0.0
FIN,2024-12-01,0.0,0.0
FJI,2024-12-01,0.0,0.0
FRA,2024-12-01,0.0,0.0
GAB,2024-12-01,0.0,0.0
GBR,2024-12-01,0.0,0.0
GEO,2024-12-01,0.0,0.0
GHA,2024-12-01,0.0,0.0
GIN,2024-12-01,0.0,0.0
GMB,2024-12-01,0.0,0.0
GNB,2024-12-01,0.0,0.0
GNQ,2024-12-01,0.0,0.0
GRC,2024-12-01,0.0,0.0
GRD,2024-12-01,0.0,0.0
GTM,2024-12-01,0.0,0.0
GUY,2024-12-01,0.0,0.0
HND,2024-12-01,0.0,0.0
HRV,2024-12-01,0.0,0.0
HUN,2024-12-01,0.0,0.0
IDN,2024-12-01,0.0,0.0
IND,2024-12-01,0.0,0.0
IRL,2024-12-01,0.0,0.0
IRN,2024-12-01,0.0,0.0
IRQ,2024-12-01,0.0,0.0
ISL,2024-12-01,0.0,0.0
ISR,2024-12-01,0.0,0.0
ITA,2024-12-01,0.0,0.0
JAM,2024-12-01,0.0,0.0
JOR,2024-12-01,0.0,0.0
JPN,2024-12-01,0.0,0.0
KAZ,2024-12-01,0.0,0.0
KEN,2024-12-01,0.0,0.0
KGZ,2024-12-01,0.0,0.0
KHM,2024-12-01,0.0,0.0
KOR,2024-12-01,0.0,0.0
KWT,2024-12-01,0.0,0.0
LAO,2024-12-01,0.0,0.0
LBN,2024-12-01,1.0,0.0
LBR,2024-12-01,0.0,0.0
LBY,2024-12-01,0.0,0.0
LKA,2024-12-01,0.0,0.0
LSO,2024-12-01,0.0,0.0
LTU,2024-12-01,0.0,0.0
LUX,2024-12-01,0.0,0.0
LVA,2024-12-01,0.0,0.0
MAR,2024-12-01,0.0,0.0
MDA,2024-12-01,0.0,0.0
MDG,2024-12-01,0.0,0.0
MDV,2024-12-01,0.0,0.0
MEX,2024-12-01,0.0,0.0
MKD,2024-12-01,0.0,0.0
MLI,2024-12-01,0.0,0.0
MLT,2024-12-01,0.0,0.0
MMR,2024-12-01,0.0,0.0
MNE,2024-12-01,0.0,0.0
MNG,2024-12-01,0.0,0.0
MOZ,2024-12-01,0.0,0.0
MRT,2024-12-01,0.0,0.0
MUS,2024-12-01,0.0,0.0
MWI,2024-12-01,0.0,0.0
MYS,2024-12-01,0.0,0.0
NAM,2024-12-01,0.0,0.0
NER,2024-12-01,0.0,0.0
NGA,2024-12-01,0.0,0.0
NIC,2024-12-01,0.0,0.0
NLD,2024-12-01,0.0,0.0
NOR,2024-12-01,0.0,0.0
NPL,2024-12-01,0.0,0.0
NZL,2024-12-01,0.0,0.0
OMN,2024-12-01,0.0,0.0
PAK,2024-12-01,0.0,0.0
PAN,2024-12-01,0.0,0.0
PER,2024-12-01,0.0,0.0
PHL,2024-12-01,0.0,0.0
PNG,2024-12-01,0.0,0.0
POL,2024-12-01,0.0,0.0
PRK,2024-12-01,0.0,0.0
PRT,2024-12-01,0.0,0.0
PRY,2024-12-01,0.0,0.0
PSE,2024-12-01,0.0,0.0
QAT,2024-12-01,0.0,0.0
ROU,2024-12-01,0.0,0.0
RUS,2024-12-01,0.0,0.0
RWA,2024-12-01,0.0,0.0
SAU,2024-12-01,0.0,0.0
SEN,2024-12-01,0.0,0.0
SGP,2024-12-01,0.0,0.0
SLB,2024-12-01,0.0,0.0
SLE,2024-12-01,0.0,0.0
SLV,2024-12-01,0.0,0.0
SOM,2024-12-01,1.0,0.0
SRB,2024-12-01,0.0,0.0
STP,2024-12-01,0.0,0.0
SVK,2024-12-01,0.0,0.0
SVN,2024-12-01,0.0,0.0
SWE,2024-12-01,0.0,0.0
SWZ,2024-12-01,0.0,0.0
SYC,2024-12-01,0.0,0.0
SYR,2024-12-01,0.0,0.0
TCD,2024-12-01,0.0,0.0
TGO,2024-12-01,0.0,0.0
THA,2024-12-01,0.0,0.0
TJK,2024-12-01,0.0,0.0
TKM,2024-12-01,0.0,0.0
TLS,2024-12-01,0.0,0.0
TON,2024-12-01,0.0,0.0
TTO,2024-12-01,0.0,0.0
TUN,2024-12-01,0.0,0.0
TUR,2024-12-01,0.0,0.0
TZA,2024-12-01,0.0,0.0
UGA,2024-12-01,0.0,0.0
UKR,2024-12-01,0.0,0.0
URY,2024-12-01,0.0,0.0
USA,2024-12-01,0.0,0.0
UZB,2024-12-01,0.0,0.0
VEN,2024-12-01,0.0,0.0
VNM,2024-12-01,0.0,0.0
VUT,2024-12-01,0.0,0.0
WSM,2024-12-01,0.0,0.0
YEM,2024-12-01,0.0,0.0
ZAF,2024-12-01,0.0,0.0
ZMB,2024-12-01,0.0,0.0
ZWE,2024-12-01,0.0,0.0
AFG,2025-01-01,0.0,0.0
AGO,2025-01-01,0.0,0.0
ALB,2025-01-01,0.0,0.0
ARE,2025-01-01,0.0,0.0
ARG,2025-01-01,0.0,0.0
ARM,2025-01-01,0.0,0.0
AUS,2025-01-01,0.0,0.0
AUT,2025-01-01,0.0,0.0
AZE,2025-01-01,0.0,0.0
BDI,2025-01-01,0.0,0.0
BEL,2025-01-01,0.0,0.0
BEN,2025-01-01,0.0,0.0
BGD,2025-01-01,0.0,0.0
BGR,2025-01-01,0.0,0.0
BHR,2025-01-01,0.0,0.0
BHS,2025-01-01,0.0,0.0
BIH,2025-01-01,0.0,0.0
BLR,2025-01-01,0.0,0.0
BLZ,2025-01-01,0.0,0.0
BOL,2025-01-01,0.0,0.0
BRA,2025-01-01,0.0,0.0
BRB,2025-01-01,0.0,0.0
BRN,2025-01-01,0.0,0.0
BTN,2025-01-01,0.0,0.0
BWA,2025-01-01,0.0,0.0
CAF,2025-01-01,0.0,0.0
CAN,2025-01-01,0.0,0.0
CHE,2025-01-01,0.0,0.0
CHL,2025-01-01,0.0,0.0
CHN,2025-01-01,0.0,0.0
CIV,2025-01-01,0.0,0.0
CMR,2025-01-01,0.0,0.0
COM,2025-01-01,0.0,0.0
CRI,2025-01-01,0.0,0.0
CUB,2025-01-01,0.0,0.0
CYP,2025-01-01,0.0,0.0
CZE,2025-01-01,0.0,0.0
DEU,2025-01-01,0.0,0.0
DJI,2025-01-01,0.0,0.0
DNK,2025-01-01,0.0,0.0
DOM,2025-01-01,0.0,0.0
DZA,2025-01-01,0.0,0.0
ECU,2025-01-01,0.0,0.0
EGY,2025-01-01,0.0,0.0
ERI,2025-01-01,0.0,0.0
ESP,2025-01-01,0.0,0.0
EST,2025-01-01,0.0,0.0
ETH,2025-01-01,0.0,0.0
FIN,2025-01-01,0.0,0.0
FJI,2025-01-01,0.0,0.0
FRA,2025-01-01,0.0,0.0
GAB,2025-01-01,0.0,0.0
GBR,2025-01-01,0.0,0.0
GEO,2025-01-01,0.0,0.0
GHA,2025-01-01,0.0,0.0
GIN,2025-01-01,0.0,0.0
GMB,2025-01-01,0.0,0.0
GNB,2025-01-01,0.0,0.0
GNQ,2025-01-01,0.0,0.0
GRC,2025-01-01,0.0,0.0
GRD,2025-01-01,0.0,0.0
GTM,2025-01-01,0.0,0.0
GUY,2025-01-01,0.0,0.0
HND,2025-01-01,0.0,0.0
HRV,2025-01-01,0.0,0.0
HTI,2025-01-01,1.0,0.0
HUN,2025-01-01,0.0,0.0
IDN,2025-01-01,0.0,0.0
IND,2025-01-01,0.0,0.0
IRL,2025-01-01,0.0,0.0
IRN,2025-01-01,0.0,0.0
IRQ,2025-01-01,0.0,0.0
ISL,2025-01-01,0.0,0.0
ISR,2025-01-01,0.0,0.0
ITA,2025-01-01,0.0,0.0
JAM,2025-01-01,0.0,0.0
JOR,2025-01-01,0.0,0.0
JPN,2025-01-01,0.0,0.0
KAZ,2025-01-01,0.0,0.0
KEN,2025-01-01,0.0,0.0
KGZ,2025-01-01,0.0,0.0
KHM,2025-01-01,0.0,0.0
KOR,2025-01-01,0.0,0.0
KWT,2025-01-01,0.0,0.0
LAO,2025-01-01,0.0,0.0
LBN,2025-01-01,0.0,0.0
LBR,2025-01-01,0.0,0.0
LBY,2025-01-01,0.0,0.0
LKA,2025-01-01,0.0,0.0
LSO,2025-01-01,0.0,0.0
LTU,2025-01-01,0.0,0.0
LUX,2025-01-01,0.0,0.0
LVA,2025-01-01,0.0,0.0
MAR,2025-01-01,0.0,0.0
MDA,2025-01-01,0.0,0.0
MDG,2025-01-01,0.0,0.0
MDV,2025-01-01,0.0,0.0
MEX,2025-01-01,0.0,0.0
MKD,2025-01-01,0.0,0.0
MLI,2025-01-01,0.0,0.0
MLT,2025-01-01,0.0,0.0
MMR,2025-01-01,0.0,0.0
MNE,2025-01-01,0.0,0.0
MNG,2025-01-01,0.0,0.0
MOZ,2025-01-01,0.0,0.0
MRT,2025-01-01,0.0,0.0
MUS,2025-01-01,0.0,0.0
MWI,2025-01-01,0.0,0.0
MYS,2025-01-01,0.0,0.0
NAM,2025-01-01,0.0,0.0
NER,2025-01-01,0.0,0.0
NGA,2025-01-01,0.0,0.0
NIC,2025-01-01,0.0,0.0
NLD,2025-01-01,0.0,0.0
NOR,2025-01-01,0.0,0.0
NPL,2025-01-01,0.0,0.0
NZL,2025-01-01,0.0,0.0
OMN,2025-01-01,0.0,0.0
PAK,2025-01-01,0.0,0.0
PAN,2025-01-01,0.0,0.0
PER,2025-01-01,0.0,0.0
PHL,2025-01-01,0.0,0.0
PNG,2025-01-01,0.0,0.0
POL,2025-01-01,0.0,0.0
PRK,2025-01-01,0.0,0.0
PRT,2025-01-01,0.0,0.0
PRY,2025-01-01,0.0,0.0
PSE,2025-01-01,1.0,0.0
QAT,2025-01-01,0.0,0.0
ROU,2025-01-01,0.0,0.0
RUS,2025-01-01,0.0,0.0
RWA,2025-01-01,0.0,0.0
SAU,2025-01-01,0.0,0.0
SEN,2025-01-01,0.0,0.0
SGP,2025-01-01,0.0,0.0
SLB,2025-01-01,0.0,0.0
SLE,2025-01-01,0.0,0.0
SLV,2025-01-01,0.0,0.0
SRB,2025-01-01,0.0,0.0
STP,2025-01-01,0.0,0.0
SVK,2025-01-01,0.0,0.0
SVN,2025-01-01,0.0,0.0
SWE,2025-01-01,0.0,0.0
SWZ,2025-01-01,0.0,0.0
SYC,2025-01-01,0.0,0.0
SYR,2025-01-01,0.0,0.0
TCD,2025-01-01,0.0,0.0
TGO,2025-01-01,0.0,0.0
THA,2025-01-01,0.0,0.0
TJK,2025-01-01,0.0,0.0
TKM,2025-01-01,0.0,0.0
TLS,2025-01-01,0.0,0.0
TON,2025-01-01,0.0,0.0
TTO,2025-01-01,0.0,0.0
TUN,2025-01-01,0.0,0.0
TUR,2025-01-01,0.0,0.0
TZA,2025-01-01,0.0,0.0
UGA,2025-01-01,0.0,0.0
UKR,2025-01-01,0.0,0.0
URY,2025-01-01,0.0,0.0
USA,2025-01-01,0.0,0.0
UZB,2025-01-01,0.0,0.0
VEN,2025-01-01,0.0,0.0
VNM,2025-01-01,0.0,0.0
VUT,2025-01-01,0.0,0.0
WSM,2025-01-01,0.0,0.0
YEM,2025-01-01,0.0,0.0
ZAF,2025-01-01,0.0,0.0
ZMB,2025-01-01,0.0,0.0
ZWE,2025-01-01,0.0,0.0
AFG,2025-02-01,0.0,0.0
AGO,2025-02-01,0.0,0.0
ALB,2025-02-01,0.0,0.0
ARE,2025-02-01,0.0,0.0
ARG,2025-02-01,0.0,0.0
ARM,2025-02-01,0.0,0.0
AUS,2025-02-01,0.0,0.0
AUT,2025-02-01,0.0,0.0
AZE,2025-02-01,0.0,0.0
BDI,2025-02-01,0.0,0.0
BEL,2025-02-01,0.0,0.0
BEN,2025-02-01,0.0,0.0
BGD,2025-02-01,0.0,0.0
BGR,2025-02-01,0.0,0.0
BHR,2025-02-01,0.0,0.0
BHS,2025-02-01,0.0,0.0
BIH,2025-02-01,0.0,0.0
BLR,2025-02-01,0.0,0.0
BLZ,2025-02-01,0.0,0.0
BOL,2025-02-01,0.0,0.0
BRA,2025-02-01,0.0,0.0
BRB,2025-02-01,0.0,0.0
BRN,2025-02-01,0.0,0.0
BTN,2025-02-01,0.0,0.0
BWA,2025-02-01,0.0,0.0
CAF,2025-02-01,0.0,0.0
CAN,2025-02-01,0.0,0.0
CHE,2025-02-01,0.0,0.0
CHL,2025-02-01,0.0,0.0
CHN,2025-02-01,0.0,0.0
CIV,2025-02-01,0.0,0.0
CMR,2025-02-01,0.0,0.0
COL,2025-02-01,0.0,0.0
COM,2025-02-01,0.0,0.0
CRI,2025-02-01,0.0,0.0
CUB,2025-02-01,0.0,0.0
CYP,2025-02-01,0.0,0.0
CZE,2025-02-01,0.0,0.0
DEU,2025-02-01,0.0,0.0
DJI,2025-02-01,0.0,0.0
DNK,2025-02-01,0.0,0.0
DOM,2025-02-01,0.0,0.0
DZA,2025-02-01,0.0,0.0
ECU,2025-02-01,0.0,0.0
EGY,2025-02-01,0.0,0.0
ERI,2025-02-01,0.0,0.0
ESP,2025-02-01,0.0,0.0
EST,2025-02-01,0.0,0.0
ETH,2025-02-01,0.0,0.0
FIN,2025-02-01,0.0,0.0
FJI,2025-02-01,0.0,0.0
FRA,2025-02-01,0.0,0.0
GAB,2025-02-01,0.0,0.0
GBR,2025-02-01,0.0,0.0
GEO,2025-02-01,0.0,0.0
GHA,2025-02-01,0.0,0.0
GIN,2025-02-01,0.0,0.0
GMB,2025-02-01,0.0,0.0
GNB,2025-02-01,0.0,0.0
GNQ,2025-02-01,0.0,0.0
GRC,2025-02-01,0.0,0.0
GRD,2025-02-01,0.0,0.0
GTM,2025-02-01,0.0,0.0
GUY,2025-02-01,0.0,0.0
HND,2025-02-01,0.0,0.0
HRV,2025-02-01,0.0,0.0
HTI,2025-02-01,1.0,0.0
HUN,2025-02-01,0.0,0.0
IDN,2025-02-01,0.0,0.0
IND,2025-02-01,0.0,0.0
IRL,2025-02-01,0.0,0.0
IRN,2025-02-01,0.0,0.0
IRQ,2025-02-01,0.0,0.0
ISL,2025-02-01,0.0,0.0
ISR,2025-02-01,0.0,0.0
ITA,2025-02-01,0.0,0.0
JAM,2025-02-01,0.0,0.0
JOR,2025-02-01,0.0,0.0
JPN,2025-02-01,0.0,0.0
KAZ,2025-02-01,0.0,0.0
KEN,2025-02-01,0.0,0.0
KGZ,2025-02-01,0.0,0.0
KHM,2025-02-01,0.0,0.0
KOR,2025-02-01,0.0,0.0
KWT,2025-02-01,0.0,0.0
LAO,2025-02-01,0.0,0.0
LBN,2025-02-01,0.0,0.0
LBR,2025-02-01,0.0,0.0
LBY,2025-02-01,0.0,0.0
LKA,2025-02-01,0.0,0.0
LSO,2025-02-01,0.0,0.0
LTU,2025-02-01,0.0,0.0
LUX,2025-02-01,0.0,0.0
LVA,2025-02-01,0.0,0.0
MAR,2025-02-01,0.0,0.0
MDA,2025-02-01,0.0,0.0
MDG,2025-02-01,0.0,0.0
MDV,2025-02-01,0.0,0.0
MEX,2025-02-01,0.0,0.0
MKD,2025-02-01,0.0,0.0
MLI,2025-02-01,0.0,0.0
MLT,2025-02-01,0.0,0.0
MMR,2025-02-01,0.0,0.0
MNE,2025-02-01,0.0,0.0
MNG,2025-02-01,0.0,0.0
MOZ,2025-02-01,0.0,0.0
MRT,2025-02-01,0.0,0.0
MUS,2025-02-01,0.0,0.0
MWI,2025-02-01,0.0,0.0
MYS,2025-02-01,0.0,0.0
NAM,2025-02-01,0.0,0.0
NER,2025-02-01,0.0,0.0
NGA,2025-02-01,0.0,0.0
NIC,2025-02-01,0.0,0.0
NLD,2025-02-01,0.0,0.0
NOR,2025-02-01,0.0,0.0
NPL,2025-02-01,0.0,0.0
NZL,2025-02-01,0.0,0.0
OMN,2025-02-01,0.0,0.0
PAK,2025-02-01,0.0,0.0
PAN,2025-02-01,0.0,0.0
PER,2025-02-01,0.0,0.0
PHL,2025-02-01,0.0,0.0
PNG,2025-02-01,0.0,0.0
POL,2025-02-01,0.0,0.0
PRK,2025-02-01,0.0,0.0
PRT,2025-02-01,0.0,0.0
PRY,2025-02-01,0.0,0.0
PSE,2025-02-01,1.0,0.0
QAT,2025-02-01,0.0,0.0
ROU,2025-02-01,0.0,0.0
RUS,2025-02-01,0.0,0.0
RWA,2025-02-01,0.0,0.0
SAU,2025-02-01,0.0,0.0
SEN,2025-02-01,0.0,0.0
SGP,2025-02-01,0.0,0.0
SLB,2025-02-01,0.0,0.0
SLE,2025-02-01,0.0,0.0
SLV,2025-02-01,0.0,0.0
SRB,2025-02-01,0.0,0.0
STP,2025-02-01,0.0,0.0
SVK,2025-02-01,0.0,0.0
SVN,2025-02-01,0.0,0.0
SWE,2025-02-01,0.0,0.0
SWZ,2025-02-01,0.0,0.0
SYC,2025-02-01,0.0,0.0
SYR,2025-02-01,0.0,0.0
TCD,2025-02-01,0.0,0.0
TGO,2025-02-01,0.0,0.0
THA,2025-02-01,0.0,0.0
TJK,2025-02-01,0.0,0.0
TKM,2025-02-01,0.0,0.0
TLS,2025-02-01,0.0,0.0
TON,2025-02-01,0.0,0.0
TTO,2025-02-01,0.0,0.0
TUN,2025-02-01,0.0,0.0
TUR,2025-02-01,0.0,0.0
TZA,2025-02-01,0.0,0.0
UGA,2025-02-01,0.0,0.0
UKR,2025-02-01,0.0,0.0
URY,2025-02-01,0.0,0.0
USA,2025-02-01,0.0,0.0
UZB,2025-02-01,0.0,0.0
VEN,2025-02-01,0.0,0.0
VNM,2025-02-01,0.0,0.0
VUT,2025-02-01,0.0,0.0
WSM,2025-02-01,0.0,0.0
YEM,2025-02-01,0.0,0.0
ZAF,2025-02-01,0.0,0.0
ZMB,2025-02-01,0.0,0.0
ZWE,2025-02-01,0.0,0.0
AFG,2025-03-01,0.0,0.0
AGO,2025-03-01,0.0,0.0
ALB,2025-03-01,0.0,0.0
ARE,2025-03-01,0.0,0.0
ARG,2025-03-01,0.0,0.0
ARM,2025-03-01,0.0,0.0
AUS,2025-03-01,0.0,0.0
AUT,2025-03-01,0.0,0.0
AZE,2025-03-01,0.0,0.0
BDI,2025-03-01,0.0,0.0
BEL,2025-03-01,0.0,0.0
BEN,2025-03-01,0.0,0.0
BGD,2025-03-01,0.0,0.0
BGR,2025-03-01,0.0,0.0
BHR,2025-03-01,0.0,0.0
BHS,2025-03-01,0.0,0.0
BIH,2025-03-01,0.0,0.0
BLR,2025-03-01,0.0,0.0
BLZ,2025-03-01,0.0,0.0
BOL,2025-03-01,0.0,0.0
BRA,2025-03-01,0.0,0.0
BRB,2025-03-01,0.0,0.0
BRN,2025-03-01,0.0,0.0
BTN,2025-03-01,0.0,0.0
BWA,2025-03-01,0.0,0.0
CAF,2025-03-01,0.0,0.0
CAN,2025-03-01,0.0,0.0
CHE,2025-03-01,0.0,0.0
CHL,2025-03-01,0.0,0.0
CHN,2025-03-01,0.0,0.0
CIV,2025-03-01,0.0,0.0
CMR,2025-03-01,0.0,0.0
COL,2025-03-01,0.0,0.0
COM,2025-03-01,0.0,0.0
CRI,2025-03-01,0.0,0.0
CUB,2025-03-01,0.0,0.0
CYP,2025-03-01,0.0,0.0
CZE,2025-03-01,0.0,0.0
DEU,2025-03-01,0.0,0.0
DJI,2025-03-01,0.0,0.0
DNK,2025-03-01,0.0,0.0
DOM,2025-03-01,0.0,0.0
DZA,2025-03-01,0.0,0.0
ECU,2025-03-01,0.0,0.0
EGY,2025-03-01,0.0,0.0
ERI,2025-03-01,0.0,0.0
ESP,2025-03-01,0.0,0.0
EST,2025-03-01,0.0,0.0
ETH,2025-03-01,1.0,0.0
FIN,2025-03-01,0.0,0.0
FJI,2025-03-01,0.0,0.0
FRA,2025-03-01,0.0,0.0
GAB,2025-03-01,0.0,0.0
GBR,2025-03-01,0.0,0.0
GEO,2025-03-01,0.0,0.0
GHA,2025-03-01,0.0,0.0
GIN,2025-03-01,0.0,0.0
GMB,2025-03-01,0.0,0.0
GNB,2025-03-01,0.0,0.0
GNQ,2025-03-01,0.0,0.0
GRC,2025-03-01,0.0,0.0
GRD,2025-03-01,0.0,0.0
GTM,2025-03-01,0.0,0.0
GUY,2025-03-01,0.0,0.0
HND,2025-03-01,0.0,0.0
HRV,2025-03-01,0.0,0.0
HUN,2025-03-01,0.0,0.0
IDN,2025-03-01,0.0,0.0
IND,2025-03-01,1.0,0.0
IRL,2025-03-01,0.0,0.0
IRN,2025-03-01,0.0,0.0
IRQ,2025-03-01,0.0,0.0
ISL,2025-03-01,0.0,0.0
ISR,2025-03-01,0.0,0.0
ITA,2025-03-01,0.0,0.0
JAM,2025-03-01,0.0,0.0
JOR,2025-03-01,0.0,0.0
JPN,2025-03-01,0.0,0.0
KAZ,2025-03-01,0.0,0.0
KEN,2025-03-01,0.0,0.0
KGZ,2025-03-01,0.0,0.0
KHM,2025-03-01,0.0,0.0
KOR,2025-03-01,0.0,0.0
KWT,2025-03-01,0.0,0.0
LAO,2025-03-01,0.0,0.0
LBN,2025-03-01,0.0,0.0
LBR,2025-03-01,0.0,0.0
LBY,2025-03-01,0.0,0.0
LKA,2025-03-01,0.0,0.0
LSO,2025-03-01,0.0,0.0
LTU,2025-03-01,0.0,0.0
LUX,2025-03-01,0.0,0.0
LVA,2025-03-01,0.0,0.0
MAR,2025-03-01,0.0,0.0
MDA,2025-03-01,0.0,0.0
MDG,2025-03-01,0.0,0.0
MDV,2025-03-01,0.0,0.0
MEX,2025-03-01,0.0,0.0
MKD,2025-03-01,0.0,0.0
MLI,2025-03-01,0.0,0.0
MLT,2025-03-01,0.0,0.0
MMR,2025-03-01,0.0,0.0
MNE,2025-03-01,0.0,0.0
MNG,2025-03-01,0.0,0.0
MOZ,2025-03-01,0.0,0.0
MRT,2025-03-01,0.0,0.0
MUS,2025-03-01,0.0,0.0
MWI,2025-03-01,0.0,0.0
MYS,2025-03-01,0.0,0.0
NAM,2025-03-01,0.0,0.0
NER,2025-03-01,0.0,0.0
NGA,2025-03-01,1.0,0.0
NIC,2025-03-01,0.0,0.0
NLD,2025-03-01,0.0,0.0
NOR,2025-03-01,0.0,0.0
NPL,2025-03-01,0.0,0.0
NZL,2025-03-01,0.0,0.0
OMN,2025-03-01,0.0,0.0
PAK,2025-03-01,0.0,0.0
PAN,2025-03-01,0.0,0.0
PER,2025-03-01,0.0,0.0
PHL,2025-03-01,0.0,0.0
PNG,2025-03-01,0.0,0.0
POL,2025-03-01,0.0,0.0
PRK,2025-03-01,0.0,0.0
PRT,2025-03-01,0.0,0.0
PRY,2025-03-01,0.0,0.0
QAT,2025-03-01,0.0,0.0
ROU,2025-03-01,0.0,0.0
RUS,2025-03-01,0.0,0.0
RWA,2025-03-01,0.0,0.0
SAU,2025-03-01,0.0,0.0
SEN,2025-03-01,0.0,0.0
SGP,2025-03-01,0.0,0.0
SLB,2025-03-01,0.0,0.0
SLE,2025-03-01,0.0,0.0
SLV,2025-03-01,0.0,0.0
SRB,2025-03-01,0.0,0.0
STP,2025-03-01,0.0,0.0
SVK,2025-03-01,0.0,0.0
SVN,2025-03-01,0.0,0.0
SWE,2025-03-01,0.0,0.0
SWZ,2025-03-01,0.0,0.0
SYC,2025-03-01,0.0,0.0
SYR,2025-03-01,0.0,0.0
TCD,2025-03-01,0.0,0.0
TGO,2025-03-01,0.0,0.0
THA,2025-03-01,0.0,0.0
TJK,2025-03-01,0.0,0.0
TKM,2025-03-01,0.0,0.0
TLS,2025-03-01,0.0,0.0
TON,2025-03-01,0.0,0.0
TTO,2025-03-01,0.0,0.0
TUN,2025-03-01,0.0,0.0
TUR,2025-03-01,0.0,0.0
TZA,2025-03-01,0.0,0.0
UGA,2025-03-01,0.0,0.0
UKR,2025-03-01,0.0,0.0
URY,2025-03-01,0.0,0.0
USA,2025-03-01,0.0,0.0
UZB,2025-03-01,0.0,0.0
VEN,2025-03-01,0.0,0.0
VNM,2025-03-01,0.0,0.0
VUT,2025-03-01,0.0,0.0
WSM,2025-03-01,0.0,0.0
YEM,2025-03-01,0.0,0.0
ZAF,2025-03-01,0.0,0.0
ZMB,2025-03-01,0.0,0.0
ZWE,2025-03-01,0.0,0.0
AFG,2025-04-01,0.0,0.0
AGO,2025-04-01,0.0,0.0
ALB,2025-04-01,0.0,0.0
ARE,2025-04-01,0.0,0.0
ARG,2025-04-01,0.0,0.0
ARM,2025-04-01,0.0,0.0
AUS,2025-04-01,0.0,0.0
AUT,2025-04-01,0.0,0.0
AZE,2025-04-01,0.0,0.0
BDI,2025-04-01,0.0,0.0
BEL,2025-04-01,0.0,0.0
BEN,2025-04-01,0.0,0.0
BGD,2025-04-01,0.0,0.0
BGR,2025-04-01,0.0,0.0
BHR,2025-04-01,0.0,0.0
BHS,2025-04-01,0.0,0.0
BIH,2025-04-01,0.0,0.0
BLR,2025-04-01,0.0,0.0
BLZ,2025-04-01,0.0,0.0
BOL,2025-04-01,0.0,0.0
BRA,2025-04-01,0.0,0.0
BRB,2025-04-01,0.0,0.0
BRN,2025-04-01,0.0,0.0
BTN,2025-04-01,0.0,0.0
BWA,2025-04-01,0.0,0.0
CAF,2025-04-01,0.0,0.0
CAN,2025-04-01,0.0,0.0
CHE,2025-04-01,0.0,0.0
CHL,2025-04-01,0.0,0.0
CHN,2025-04-01,0.0,0.0
CIV,2025-04-01,0.0,0.0
CMR,2025-04-01,0.0,0.0
COL,2025-04-01,0.0,0.0
COM,2025-04-01,0.0,0.0
CRI,2025-04-01,0.0,0.0
CUB,2025-04-01,0.0,0.0
CYP,2025-04-01,0.0,0.0
CZE,2025-04-01,0.0,0.0
DEU,2025-04-01,0.0,0.0
DJI,2025-04-01,0.0,0.0
DNK,2025-04-01,0.0,0.0
DOM,2025-04-01,0.0,0.0
DZA,2025-04-01,0.0,0.0
ECU,2025-04-01,0.0,0.0
EGY,2025-04-01,0.0,0.0
ERI,2025-04-01,0.0,0.0
ESP,2025-04-01,0.0,0.0
EST,2025-04-01,0.0,0.0
ETH,2025-04-01,1.0,0.0
FIN,2025-04-01,0.0,0.0
FJI,2025-04-01,0.0,0.0
FRA,2025-04-01,0.0,0.0
GAB,2025-04-01,0.0,0.0
GBR,2025-04-01,0.0,0.0
GEO,2025-04-01,0.0,0.0
GHA,2025-04-01,0.0,0.0
GIN,2025-04-01,0.0,0.0
GMB,2025-04-01,0.0,0.0
GNB,2025-04-01,0.0,0.0
GNQ,2025-04-01,0.0,0.0
GRC,2025-04-01,0.0,0.0
GRD,2025-04-01,0.0,0.0
GTM,2025-04-01,0.0,0.0
GUY,2025-04-01,0.0,0.0
HND,2025-04-01,0.0,0.0
HRV,2025-04-01,0.0,0.0
HUN,2025-04-01,0.0,0.0
IDN,2025-04-01,0.0,0.0
IND,2025-04-01,1.0,0.0
IRL,2025-04-01,0.0,0.0
IRN,2025-04-01,1.0,0.0
IRQ,2025-04-01,0.0,0.0
ISL,2025-04-01,0.0,0.0
ISR,2025-04-01,0.0,0.0
ITA,2025-04-01,0.0,0.0
JAM,2025-04-01,0.0,0.0
JOR,2025-04-01,0.0,0.0
JPN,2025-04-01,0.0,0.0
KAZ,2025-04-01,0.0,0.0
KEN,2025-04-01,0.0,0.0
KGZ,2025-04-01,0.0,0.0
KHM,2025-04-01,0.0,0.0
KOR,2025-04-01,0.0,0.0
KWT,2025-04-01,0.0,0.0
LAO,2025-04-01,0.0,0.0
LBN,2025-04-01,0.0,0.0
LBR,2025-04-01,0.0,0.0
LBY,2025-04-01,0.0,0.0
LKA,2025-04-01,0.0,0.0
LSO,2025-04-01,0.0,0.0
LTU,2025-04-01,0.0,0.0
LUX,2025-04-01,0.0,0.0
LVA,2025-04-01,0.0,0.0
MAR,2025-04-01,0.0,0.0
MDA,2025-04-01,0.0,0.0
MDG,2025-04-01,0.0,0.0
MDV,2025-04-01,0.0,0.0
MEX,2025-04-01,0.0,0.0
MKD,2025-04-01,0.0,0.0
MLI,2025-04-01,0.0,0.0
MLT,2025-04-01,0.0,0.0
MMR,2025-04-01,0.0,0.0
MNE,2025-04-01,0.0,0.0
MNG,2025-04-01,0.0,0.0
MOZ,2025-04-01,0.0,0.0
MRT,2025-04-01,0.0,0.0
MUS,2025-04-01,0.0,0.0
MWI,2025-04-01,0.0,0.0
MYS,2025-04-01,0.0,0.0
NAM,2025-04-01,0.0,0.0
NER,2025-04-01,1.0,0.0
NGA,2025-04-01,1.0,0.0
NIC,2025-04-01,0.0,0.0
NLD,2025-04-01,0.0,0.0
NOR,2025-04-01,0.0,0.0
NPL,2025-04-01,0.0,0.0
NZL,2025-04-01,0.0,0.0
OMN,2025-04-01,0.0,0.0
PAK,2025-04-01,0.0,0.0
PAN,2025-04-01,0.0,0.0
PER,2025-04-01,0.0,0.0
PHL,2025-04-01,0.0,0.0
PNG,2025-04-01,0.0,0.0
POL,2025-04-01,0.0,0.0
PRK,2025-04-01,0.0,0.0
PRT,2025-04-01,0.0,0.0
PRY,2025-04-01,0.0,0.0
QAT,2025-04-01,0.0,0.0
ROU,2025-04-01,0.0,0.0
RUS,2025-04-01,0.0,0.0
RWA,2025-04-01,0.0,0.0
SAU,2025-04-01,0.0,0.0
SEN,2025-04-01,0.0,0.0
SGP,2025-04-01,0.0,0.0
SLB,2025-04-01,0.0,0.0
SLE,2025-04-01,0.0,0.0
SLV,2025-04-01,0.0,0.0
SOM,2025-04-01,1.0,0.0
SRB,2025-04-01,0.0,0.0
STP,2025-04-01,0.0,0.0
SVK,2025-04-01,0.0,0.0
SVN,2025-04-01,0.0,0.0
SWE,2025-04-01,0.0,0.0
SWZ,2025-04-01,0.0,0.0
SYC,2025-04-01,0.0,0.0
SYR,2025-04-01,0.0,0.0
TCD,2025-04-01,0.0,0.0
TGO,2025-04-01,0.0,0.0
THA,2025-04-01,0.0,0.0
TJK,2025-04-01,0.0,0.0
TKM,2025-04-01,0.0,0.0
TLS,2025-04-01,0.0,0.0
TON,2025-04-01,0.0,0.0
TTO,2025-04-01,0.0,0.0
TUN,2025-04-01,0.0,0.0
TUR,2025-04-01,0.0,0.0
TZA,2025-04-01,0.0,0.0
UGA,2025-04-01,0.0,0.0
UKR,2025-04-01,0.0,0.0
URY,2025-04-01,0.0,0.0
USA,2025-04-01,0.0,0.0
UZB,2025-04-01,0.0,0.0
VEN,2025-04-01,0.0,0.0
VNM,2025-04-01,0.0,0.0
VUT,2025-04-01,0.0,0.0
WSM,2025-04-01,0.0,0.0
YEM,2025-04-01,0.0,0.0
ZAF,2025-04-01,0.0,0.0
ZMB,2025-04-01,0.0,0.0
ZWE,2025-04-01,0.0,0.0
AFG,2025-05-01,0.0,0.0
AGO,2025-05-01,0.0,0.0
ALB,2025-05-01,0.0,0.0
ARE,2025-05-01,0.0,0.0
ARG,2025-05-01,0.0,0.0
ARM,2025-05-01,0.0,0.0
AUS,2025-05-01,0.0,0.0
AUT,2025-05-01,0.0,0.0
AZE,2025-05-01,0.0,0.0
BDI,2025-05-01,0.0,0.0
BEL,2025-05-01,0.0,0.0
BEN,2025-05-01,0.0,0.0
BGD,2025-05-01,0.0,0.0
BGR,2025-05-01,0.0,0.0
BHR,2025-05-01,0.0,0.0
BHS,2025-05-01,0.0,0.0
BIH,2025-05-01,0.0,0.0
BLR,2025-05-01,0.0,0.0
BLZ,2025-05-01,0.0,0.0
BOL,2025-05-01,0.0,0.0
BRA,2025-05-01,0.0,0.0
BRB,2025-05-01,0.0,0.0
BRN,2025-05-01,0.0,0.0
BTN,2025-05-01,0.0,0.0
BWA,2025-05-01,0.0,0.0
CAF,2025-05-01,0.0,0.0
CAN,2025-05-01,0.0,0.0
CHE,2025-05-01,0.0,0.0
CHL,2025-05-01,0.0,0.0
CHN,2025-05-01,0.0,0.0
CIV,2025-05-01,0.0,0.0
CMR,2025-05-01,0.0,0.0
COL,2025-05-01,0.0,0.0
COM,2025-05-01,0.0,0.0
CRI,2025-05-01,0.0,0.0
CUB,2025-05-01,0.0,0.0
CYP,2025-05-01,0.0,0.0
CZE,2025-05-01,0.0,0.0
DEU,2025-05-01,0.0,0.0
DJI,2025-05-01,0.0,0.0
DNK,2025-05-01,0.0,0.0
DOM,2025-05-01,0.0,0.0
DZA,2025-05-01,0.0,0.0
ECU,2025-05-01,0.0,0.0
EGY,2025-05-01,0.0,0.0
ERI,2025-05-01,0.0,0.0
ESP,2025-05-01,0.0,0.0
EST,2025-05-01,0.0,0.0
ETH,2025-05-01,1.0,0.0
FIN,2025-05-01,0.0,0.0
FJI,2025-05-01,0.0,0.0
FRA,2025-05-01,0.0,0.0
GAB,2025-05-01,0.0,0.0
GBR,2025-05-01,0.0,0.0
GEO,2025-05-01,0.0,0.0
GHA,2025-05-01,0.0,0.0
GIN,2025-05-01,0.0,0.0
GMB,2025-05-01,0.0,0.0
GNB,2025-05-01,0.0,0.0
GNQ,2025-05-01,0.0,0.0
GRC,2025-05-01,0.0,0.0
GRD,2025-05-01,0.0,0.0
GTM,2025-05-01,0.0,0.0
GUY,2025-05-01,0.0,0.0
HND,2025-05-01,0.0,0.0
HRV,2025-05-01,0.0,0.0
HUN,2025-05-01,0.0,0.0
IDN,2025-05-01,0.0,0.0
IND,2025-05-01,0.0,0.0
IRL,2025-05-01,0.0,0.0
IRN,2025-05-01,1.0,0.0
IRQ,2025-05-01,0.0,0.0
ISL,2025-05-01,0.0,0.0
ISR,2025-05-01,0.0,0.0
ITA,2025-05-01,0.0,0.0
JAM,2025-05-01,0.0,0.0
JOR,2025-05-01,0.0,0.0
JPN,2025-05-01,0.0,0.0
KAZ,2025-05-01,0.0,0.0
KEN,2025-05-01,0.0,0.0
KGZ,2025-05-01,0.0,0.0
KHM,2025-05-01,1.0,0.0
KOR,2025-05-01,0.0,0.0
KWT,2025-05-01,0.0,0.0
LAO,2025-05-01,0.0,0.0
LBN,2025-05-01,0.0,0.0
LBR,2025-05-01,0.0,0.0
LBY,2025-05-01,0.0,0.0
LKA,2025-05-01,0.0,0.0
LSO,2025-05-01,0.0,0.0
LTU,2025-05-01,0.0,0.0
LUX,2025-05-01,0.0,0.0
LVA,2025-05-01,0.0,0.0
MAR,2025-05-01,0.0,0.0
MDA,2025-05-01,0.0,0.0
MDG,2025-05-01,0.0,0.0
MDV,2025-05-01,0.0,0.0
MEX,2025-05-01,0.0,0.0
MKD,2025-05-01,0.0,0.0
MLI,2025-05-01,0.0,0.0
MLT,2025-05-01,0.0,0.0
MMR,2025-05-01,0.0,0.0
MNE,2025-05-01,0.0,0.0
MNG,2025-05-01,0.0,0.0
MOZ,2025-05-01,1.0,0.0
MRT,2025-05-01,0.0,0.0
MUS,2025-05-01,0.0,0.0
MWI,2025-05-01,0.0,0.0
MYS,2025-05-01,0.0,0.0
NAM,2025-05-01,0.0,0.0
NER,2025-05-01,1.0,0.0
NIC,2025-05-01,0.0,0.0
NLD,2025-05-01,0.0,0.0
NOR,2025-05-01,0.0,0.0
NPL,2025-05-01,0.0,0.0
NZL,2025-05-01,0.0,0.0
OMN,2025-05-01,0.0,0.0
PAK,2025-05-01,0.0,0.0
PAN,2025-05-01,0.0,0.0
PER,2025-05-01,0.0,0.0
PHL,2025-05-01,0.0,0.0
PNG,2025-05-01,0.0,0.0
POL,2025-05-01,0.0,0.0
PRK,2025-05-01,0.0,0.0
PRT,2025-05-01,0.0,0.0
PRY,2025-05-01,0.0,0.0
QAT,2025-05-01,0.0,0.0
ROU,2025-05-01,0.0,0.0
RUS,2025-05-01,0.0,0.0
RWA,2025-05-01,0.0,0.0
SAU,2025-05-01,0.0,0.0
SEN,2025-05-01,0.0,0.0
SGP,2025-05-01,0.0,0.0
SLB,2025-05-01,0.0,0.0
SLE,2025-05-01,0.0,0.0
SLV,2025-05-01,0.0,0.0
SOM,2025-05-01,1.0,0.0
SRB,2025-05-01,0.0,0.0
STP,2025-05-01,0.0,0.0
SVK,2025-05-01,0.0,0.0
SVN,2025-05-01,0.0,0.0
SWE,2025-05-01,0.0,0.0
SWZ,2025-05-01,0.0,0.0
SYC,2025-05-01,0.0,0.0
SYR,2025-05-01,0.0,0.0
TCD,2025-05-01,0.0,0.0
TGO,2025-05-01,0.0,0.0
THA,2025-05-01,1.0,0.0
TJK,2025-05-01,0.0,0.0
TKM,2025-05-01,0.0,0.0
TLS,2025-05-01,0.0,0.0
TON,2025-05-01,0.0,0.0
TTO,2025-05-01,0.0,0.0
TUN,2025-05-01,0.0,0.0
TUR,2025-05-01,0.0,0.0
TZA,2025-05-01,0.0,0.0
UGA,2025-05-01,0.0,0.0
UKR,2025-05-01,0.0,0.0
URY,2025-05-01,0.0,0.0
USA,2025-05-01,0.0,0.0
UZB,2025-05-01,0.0,0.0
VEN,2025-05-01,0.0,0.0
VNM,2025-05-01,0.0,0.0
VUT,2025-05-01,0.0,0.0
WSM,2025-05-01,0.0,0.0
YEM,2025-05-01,0.0,0.0
ZAF,2025-05-01,0.0,0.0
ZMB,2025-05-01,0.0,0.0
ZWE,2025-05-01,0.0,0.0
AFG,2025-06-01,0.0,0.0
AGO,2025-06-01,0.0,0.0
ALB,2025-06-01,0.0,0.0
ARE,2025-06-01,0.0,0.0
ARG,2025-06-01,0.0,0.0
ARM,2025-06-01,0.0,0.0
AUS,2025-06-01,0.0,0.0
AUT,2025-06-01,0.0,0.0
AZE,2025-06-01,0.0,0.0
BDI,2025-06-01,0.0,0.0
BEL,2025-06-01,0.0,0.0
BEN,2025-06-01,0.0,0.0
BGD,2025-06-01,0.0,0.0
BGR,2025-06-01,0.0,0.0
BHR,2025-06-01,0.0,0.0
BHS,2025-06-01,0.0,0.0
BIH,2025-06-01,0.0,0.0
BLR,2025-06-01,0.0,0.0
BLZ,2025-06-01,0.0,0.0
BOL,2025-06-01,0.0,0.0
BRA,2025-06-01,0.0,0.0
BRB,2025-06-01,0.0,0.0
BRN,2025-06-01,0.0,0.0
BTN,2025-06-01,0.0,0.0
BWA,2025-06-01,0.0,0.0
CAF,2025-06-01,0.0,0.0
CAN,2025-06-01,0.0,0.0
CHE,2025-06-01,0.0,0.0
CHL,2025-06-01,0.0,0.0
CHN,2025-06-01,0.0,0.0
CIV,2025-06-01,0.0,0.0
CMR,2025-06-01,0.0,0.0
COL,2025-06-01,0.0,0.0
COM,2025-06-01,0.0,0.0
CRI,2025-06-01,0.0,0.0
CUB,2025-06-01,0.0,0.0
CYP,2025-06-01,0.0,0.0
CZE,2025-06-01,0.0,0.0
DEU,2025-06-01,0.0,0.0
DJI,2025-06-01,0.0,0.0
DNK,2025-06-01,0.0,0.0
DOM,2025-06-01,0.0,0.0
DZA,2025-06-01,0.0,0.0
ECU,2025-06-01,0.0,0.0
EGY,2025-06-01,0.0,0.0
ERI,2025-06-01,0.0,0.0
ESP,2025-06-01,0.0,0.0
EST,2025-06-01,0.0,0.0
ETH,2025-06-01,1.0,0.0
FIN,2025-06-01,0.0,0.0
FJI,2025-06-01,0.0,0.0
FRA,2025-06-01,0.0,0.0
GAB,2025-06-01,0.0,0.0
GBR,2025-06-01,0.0,0.0
GEO,2025-06-01,0.0,0.0
GHA,2025-06-01,0.0,0.0
GIN,2025-06-01,0.0,0.0
GMB,2025-06-01,0.0,0.0
GNB,2025-06-01,0.0,0.0
GNQ,2025-06-01,0.0,0.0
GRC,2025-06-01,0.0,0.0
GRD,2025-06-01,0.0,0.0
GTM,2025-06-01,0.0,0.0
GUY,2025-06-01,0.0,0.0
HND,2025-06-01,0.0,0.0
HRV,2025-06-01,0.0,0.0
HUN,2025-06-01,0.0,0.0
IDN,2025-06-01,0.0,0.0
IND,2025-06-01,0.0,0.0
IRL,2025-06-01,0.0,0.0
IRN,2025-06-01,0.0,0.0
IRQ,2025-06-01,0.0,0.0
ISL,2025-06-01,0.0,0.0
ISR,2025-06-01,0.0,0.0
ITA,2025-06-01,0.0,0.0
JAM,2025-06-01,0.0,0.0
JOR,2025-06-01,0.0,0.0
JPN,2025-06-01,0.0,0.0
KAZ,2025-06-01,0.0,0.0
KEN,2025-06-01,0.0,0.0
KGZ,2025-06-01,0.0,0.0
KHM,2025-06-01,1.0,0.0
KOR,2025-06-01,0.0,0.0
KWT,2025-06-01,0.0,0.0
LAO,2025-06-01,0.0,0.0
LBN,2025-06-01,0.0,0.0
LBR,2025-06-01,0.0,0.0
LBY,2025-06-01,0.0,0.0
LKA,2025-06-01,0.0,0.0
LSO,2025-06-01,0.0,0.0
LTU,2025-06-01,0.0,0.0
LUX,2025-06-01,0.0,0.0
LVA,2025-06-01,0.0,0.0
MAR,2025-06-01,0.0,0.0
MDA,2025-06-01,0.0,0.0
MDG,2025-06-01,0.0,0.0
MDV,2025-06-01,0.0,0.0
MEX,2025-06-01,0.0,0.0
MKD,2025-06-01,0.0,0.0
MLI,2025-06-01,0.0,0.0
MLT,2025-06-01,0.0,0.0
MMR,2025-06-01,0.0,0.0
MNE,2025-06-01,0.0,0.0
MNG,2025-06-01,0.0,0.0
MOZ,2025-06-01,1.0,0.0
MRT,2025-06-01,0.0,0.0
MUS,2025-06-01,0.0,0.0
MWI,2025-06-01,0.0,0.0
MYS,2025-06-01,0.0,0.0
NAM,2025-06-01,0.0,0.0
NIC,2025-06-01,0.0,0.0
NLD,2025-06-01,0.0,0.0
NOR,2025-06-01,0.0,0.0
NPL,2025-06-01,0.0,0.0
NZL,2025-06-01,0.0,0.0
OMN,2025-06-01,0.0,0.0
PAK,2025-06-01,1.0,0.0
PAN,2025-06-01,0.0,0.0
PER,2025-06-01,0.0,0.0
PHL,2025-06-01,0.0,0.0
PNG,2025-06-01,0.0,0.0
POL,2025-06-01,0.0,0.0
PRK,2025-06-01,0.0,0.0
PRT,2025-06-01,0.0,0.0
PRY,2025-06-01,0.0,0.0
QAT,2025-06-01,0.0,0.0
ROU,2025-06-01,0.0,0.0
RUS,2025-06-01,0.0,0.0
RWA,2025-06-01,0.0,0.0
SAU,2025-06-01,0.0,0.0
SEN,2025-06-01,0.0,0.0
SGP,2025-06-01,0.0,0.0
SLB,2025-06-01,0.0,0.0
SLE,2025-06-01,0.0,0.0
SLV,2025-06-01,0.0,0.0
SRB,2025-06-01,0.0,0.0
STP,2025-06-01,0.0,0.0
SVK,2025-06-01,0.0,0.0
SVN,2025-06-01,0.0,0.0
SWE,2025-06-01,0.0,0.0
SWZ,2025-06-01,0.0,0.0
SYC,2025-06-01,0.0,0.0
SYR,2025-06-01,0.0,0.0
TCD,2025-06-01,0.0,0.0
TGO,2025-06-01,0.0,0.0
THA,2025-06-01,1.0,0.0
TJK,2025-06-01,0.0,0.0
TKM,2025-06-01,0.0,0.0
TLS,2025-06-01,0.0,0.0
TON,2025-06-01,0.0,0.0
TTO,2025-06-01,0.0,0.0
TUN,2025-06-01,0.0,0.0
TUR,2025-06-01,0.0,0.0
TZA,2025-06-01,0.0,0.0
UGA,2025-06-01,0.0,0.0
UKR,2025-06-01,0.0,0.0
URY,2025-06-01,0.0,0.0
USA,2025-06-01,0.0,0.0
UZB,2025-06-01,0.0,0.0
VEN,2025-06-01,0.0,0.0
VNM,2025-06-01,0.0,0.0
VUT,2025-06-01,0.0,0.0
WSM,2025-06-01,0.0,0.0
YEM,2025-06-01,0.0,0.0
ZAF,2025-06-01,0.0,0.0
ZMB,2025-06-01,0.0,0.0
ZWE,2025-06-01,0.0,0.0
AFG,2025-07-01,0.0,0.0
AGO,2025-07-01,0.0,0.0
ALB,2025-07-01,0.0,0.0
ARE,2025-07-01,0.0,0.0
ARG,2025-07-01,0.0,0.0
ARM,2025-07-01,0.0,0.0
AUS,2025-07-01,0.0,0.0
AUT,2025-07-01,0.0,0.0
AZE,2025-07-01,0.0,0.0
BDI,2025-07-01,0.0,0.0
BEL,2025-07-01,0.0,0.0
BEN,2025-07-01,0.0,0.0
BGD,2025-07-01,0.0,0.0
BGR,2025-07-01,0.0,0.0
BHR,2025-07-01,0.0,0.0
BHS,2025-07-01,0.0,0.0
BIH,2025-07-01,0.0,0.0
BLR,2025-07-01,0.0,0.0
BLZ,2025-07-01,0.0,0.0
BOL,2025-07-01,0.0,0.0
BRA,2025-07-01,0.0,0.0
BRB,2025-07-01,0.0,0.0
BRN,2025-07-01,0.0,0.0
BTN,2025-07-01,0.0,0.0
BWA,2025-07-01,0.0,0.0
CAF,2025-07-01,0.0,0.0
CAN,2025-07-01,0.0,0.0
CHE,2025-07-01,0.0,0.0
CHL,2025-07-01,0.0,0.0
CHN,2025-07-01,0.0,0.0
CIV,2025-07-01,0.0,0.0
CMR,2025-07-01,0.0,0.0
COL,2025-07-01,0.0,0.0
COM,2025-07-01,0.0,0.0
CRI,2025-07-01,0.0,0.0
CUB,2025-07-01,0.0,0.0
CYP,2025-07-01,0.0,0.0
CZE,2025-07-01,0.0,0.0
DEU,2025-07-01,0.0,0.0
DJI,2025-07-01,0.0,0.0
DNK,2025-07-01,0.0,0.0
DOM,2025-07-01,0.0,0.0
DZA,2025-07-01,0.0,0.0
ECU,2025-07-01,0.0,0.0
EGY,2025-07-01,0.0,0.0
ERI,2025-07-01,0.0,0.0
ESP,2025-07-01,0.0,0.0
EST,2025-07-01,0.0,0.0
FIN,2025-07-01,0.0,0.0
FJI,2025-07-01,0.0,0.0
FRA,2025-07-01,0.0,0.0
GAB,2025-07-01,0.0,0.0
GBR,2025-07-01,0.0,0.0
GEO,2025-07-01,0.0,0.0
GHA,2025-07-01,0.0,0.0
GIN,2025-07-01,0.0,0.0
GMB,2025-07-01,0.0,0.0
GNB,2025-07-01,0.0,0.0
GNQ,2025-07-01,0.0,0.0
GRC,2025-07-01,0.0,0.0
GRD,2025-07-01,0.0,0.0
GTM,2025-07-01,0.0,0.0
GUY,2025-07-01,0.0,0.0
HND,2025-07-01,0.0,0.0
HRV,2025-07-01,0.0,0.0
HTI,2025-07-01,1.0,0.0
HUN,2025-07-01,0.0,0.0
IDN,2025-07-01,0.0,0.0
IND,2025-07-01,0.0,0.0
IRL,2025-07-01,0.0,0.0
IRN,2025-07-01,0.0,0.0
IRQ,2025-07-01,0.0,0.0
ISL,2025-07-01,0.0,0.0
ISR,2025-07-01,0.0,0.0
ITA,2025-07-01,0.0,0.0
JAM,2025-07-01,0.0,0.0
JOR,2025-07-01,0.0,0.0
JPN,2025-07-01,0.0,0.0
KAZ,2025-07-01,0.0,0.0
KEN,2025-07-01,0.0,0.0
KGZ,2025-07-01,0.0,0.0
KHM,2025-07-01,0.0,0.0
KOR,2025-07-01,0.0,0.0
KWT,2025-07-01,0.0,0.0
LAO,2025-07-01,0.0,0.0
LBN,2025-07-01,0.0,0.0
LBR,2025-07-01,0.0,0.0
LBY,2025-07-01,0.0,0.0
LKA,2025-07-01,0.0,0.0
LSO,2025-07-01,0.0,0.0
LTU,2025-07-01,0.0,0.0
LUX,2025-07-01,0.0,0.0
LVA,2025-07-01,0.0,0.0
MAR,2025-07-01,0.0,0.0
MDA,2025-07-01,0.0,0.0
MDG,2025-07-01,0.0,0.0
MDV,2025-07-01,0.0,0.0
MEX,2025-07-01,0.0,0.0
MKD,2025-07-01,0.0,0.0
MLI,2025-07-01,0.0,0.0
MLT,2025-07-01,0.0,0.0
MMR,2025-07-01,0.0,0.0
MNE,2025-07-01,0.0,0.0
MNG,2025-07-01,0.0,0.0
MRT,2025-07-01,0.0,0.0
MUS,2025-07-01,0.0,0.0
MWI,2025-07-01,0.0,0.0
MYS,2025-07-01,0.0,0.0
NAM,2025-07-01,0.0,0.0
NIC,2025-07-01,0.0,0.0
NLD,2025-07-01,0.0,0.0
NOR,2025-07-01,0.0,0.0
NPL,2025-07-01,0.0,0.0
NZL,2025-07-01,0.0,0.0
OMN,2025-07-01,0.0,0.0
PAK,2025-07-01,1.0,0.0
PAN,2025-07-01,0.0,0.0
PER,2025-07-01,0.0,0.0
PHL,2025-07-01,0.0,0.0
PNG,2025-07-01,0.0,0.0
POL,2025-07-01,0.0,0.0
PRK,2025-07-01,0.0,0.0
PRT,2025-07-01,0.0,0.0
PRY,2025-07-01,0.0,0.0
QAT,2025-07-01,0.0,0.0
ROU,2025-07-01,0.0,0.0
RUS,2025-07-01,0.0,0.0
RWA,2025-07-01,0.0,0.0
SAU,2025-07-01,0.0,0.0
SEN,2025-07-01,0.0,0.0
SGP,2025-07-01,0.0,0.0
SLB,2025-07-01,0.0,0.0
SLE,2025-07-01,0.0,0.0
SLV,2025-07-01,0.0,0.0
SRB,2025-07-01,0.0,0.0
STP,2025-07-01,0.0,0.0
SVK,2025-07-01,0.0,0.0
SVN,2025-07-01,0.0,0.0
SWE,2025-07-01,0.0,0.0
SWZ,2025-07-01,0.0,0.0
SYC,2025-07-01,0.0,0.0
SYR,2025-07-01,0.0,0.0
TCD,2025-07-01,0.0,0.0
TGO,2025-07-01,0.0,0.0
THA,2025-07-01,0.0,0.0
TJK,2025-07-01,0.0,0.0
TKM,2025-07-01,0.0,0.0
TLS,2025-07-01,0.0,0.0
TON,2025-07-01,0.0,0.0
TTO,2025-07-01,0.0,0.0
TUN,2025-07-01,0.0,0.0
TUR,2025-07-01,0.0,0.0
TZA,2025-07-01,0.0,0.0
UGA,2025-07-01,0.0,0.0
UKR,2025-07-01,0.0,0.0
URY,2025-07-01,0.0,0.0
USA,2025-07-01,0.0,0.0
UZB,2025-07-01,0.0,0.0
VEN,2025-07-01,0.0,0.0
VNM,2025-07-01,0.0,0.0
VUT,2025-07-01,0.0,0.0
WSM,2025-07-01,0.0,0.0
YEM,2025-07-01,0.0,0.0
ZAF,2025-07-01,0.0,0.0
ZMB,2025-07-01,0.0,0.0
ZWE,2025-07-01,0.0,0.0
AFG,2025-08-01,1.0,0.0
AGO,2025-08-01,0.0,0.0
ALB,2025-08-01,0.0,0.0
ARE,2025-08-01,0.0,0.0
ARG,2025-08-01,0.0,0.0
ARM,2025-08-01,0.0,0.0
AUS,2025-08-01,0.0,0.0
AUT,2025-08-01,0.0,0.0
AZE,2025-08-01,0.0,0.0
BDI,2025-08-01,0.0,0.0
BEL,2025-08-01,0.0,0.0
BEN,2025-08-01,0.0,0.0
BGD,2025-08-01,0.0,0.0
BGR,2025-08-01,0.0,0.0
BHR,2025-08-01,0.0,0.0
BHS,2025-08-01,0.0,0.0
BIH,2025-08-01,0.0,0.0
BLR,2025-08-01,0.0,0.0
BLZ,2025-08-01,0.0,0.0
BOL,2025-08-01,0.0,0.0
BRA,2025-08-01,0.0,0.0
BRB,2025-08-01,0.0,0.0
BRN,2025-08-01,0.0,0.0
BTN,2025-08-01,0.0,0.0
BWA,2025-08-01,0.0,0.0
CAF,2025-08-01,0.0,0.0
CAN,2025-08-01,0.0,0.0
CHE,2025-08-01,0.0,0.0
CHL,2025-08-01,0.0,0.0
CHN,2025-08-01,0.0,0.0
CIV,2025-08-01,0.0,0.0
CMR,2025-08-01,0.0,0.0
COL,2025-08-01,0.0,0.0
COM,2025-08-01,0.0,0.0
CRI,2025-08-01,0.0,0.0
CUB,2025-08-01,0.0,0.0
CYP,2025-08-01,0.0,0.0
CZE,2025-08-01,0.0,0.0
DEU,2025-08-01,0.0,0.0
DJI,2025-08-01,0.0,0.0
DNK,2025-08-01,0.0,0.0
DOM,2025-08-01,0.0,0.0
DZA,2025-08-01,0.0,0.0
ECU,2025-08-01,0.0,0.0
EGY,2025-08-01,0.0,0.0
ERI,2025-08-01,0.0,0.0
ESP,2025-08-01,0.0,0.0
EST,2025-08-01,0.0,0.0
FIN,2025-08-01,0.0,0.0
FJI,2025-08-01,0.0,0.0
FRA,2025-08-01,0.0,0.0
GAB,2025-08-01,0.0,0.0
GBR,2025-08-01,0.0,0.0
GEO,2025-08-01,0.0,0.0
GHA,2025-08-01,0.0,0.0
GIN,2025-08-01,0.0,0.0
GMB,2025-08-01,0.0,0.0
GNB,2025-08-01,0.0,0.0
GNQ,2025-08-01,0.0,0.0
GRC,2025-08-01,0.0,0.0
GRD,2025-08-01,0.0,0.0
GTM,2025-08-01,0.0,0.0
GUY,2025-08-01,0.0,0.0
HND,2025-08-01,0.0,0.0
HRV,2025-08-01,0.0,0.0
HTI,2025-08-01,1.0,0.0
HUN,2025-08-01,0.0,0.0
IDN,2025-08-01,0.0,0.0
IND,2025-08-01,0.0,0.0
IRL,2025-08-01,0.0,0.0
IRN,2025-08-01,0.0,0.0
IRQ,2025-08-01,0.0,0.0
ISL,2025-08-01,0.0,0.0
ISR,2025-08-01,0.0,0.0
ITA,2025-08-01,0.0,0.0
JAM,2025-08-01,0.0,0.0
JOR,2025-08-01,0.0,0.0
JPN,2025-08-01,0.0,0.0
KAZ,2025-08-01,0.0,0.0
KEN,2025-08-01,0.0,0.0
KGZ,2025-08-01,0.0,0.0
KHM,2025-08-01,0.0,0.0
KOR,2025-08-01,0.0,0.0
KWT,2025-08-01,0.0,0.0
LAO,2025-08-01,0.0,0.0
LBN,2025-08-01,0.0,0.0
LBR,2025-08-01,0.0,0.0
LBY,2025-08-01,0.0,0.0
LKA,2025-08-01,0.0,0.0
LSO,2025-08-01,0.0,0.0
LTU,2025-08-01,0.0,0.0
LUX,2025-08-01,0.0,0.0
LVA,2025-08-01,0.0,0.0
MAR,2025-08-01,0.0,0.0
MDA,2025-08-01,0.0,0.0
MDG,2025-08-01,0.0,0.0
MDV,2025-08-01,0.0,0.0
MEX,2025-08-01,0.0,0.0
MKD,2025-08-01,0.0,0.0
MLI,2025-08-01,0.0,0.0
MLT,2025-08-01,0.0,0.0
MMR,2025-08-01,0.0,0.0
MNE,2025-08-01,0.0,0.0
MNG,2025-08-01,0.0,0.0
MRT,2025-08-01,0.0,0.0
MUS,2025-08-01,0.0,0.0
MWI,2025-08-01,0.0,0.0
MYS,2025-08-01,0.0,0.0
NAM,2025-08-01,0.0,0.0
NER,2025-08-01,0.0,0.0
NIC,2025-08-01,0.0,0.0
NLD,2025-08-01,0.0,0.0
NOR,2025-08-01,0.0,0.0
NPL,2025-08-01,0.0,0.0
NZL,2025-08-01,0.0,0.0
OMN,2025-08-01,0.0,0.0
PAK,2025-08-01,1.0,0.0
PAN,2025-08-01,0.0,0.0
PER,2025-08-01,0.0,0.0
PHL,2025-08-01,0.0,0.0
PNG,2025-08-01,0.0,0.0
POL,2025-08-01,0.0,0.0
PRK,2025-08-01,0.0,0.0
PRT,2025-08-01,0.0,0.0
PRY,2025-08-01,0.0,0.0
QAT,2025-08-01,0.0,0.0
ROU,2025-08-01,0.0,0.0
RUS,2025-08-01,0.0,0.0
RWA,2025-08-01,0.0,0.0
SAU,2025-08-01,0.0,0.0
SEN,2025-08-01,0.0,0.0
SGP,2025-08-01,0.0,0.0
SLB,2025-08-01,0.0,0.0
SLE,2025-08-01,0.0,0.0
SLV,2025-08-01,0.0,0.0
SRB,2025-08-01,0.0,0.0
STP,2025-08-01,0.0,0.0
SVK,2025-08-01,0.0,0.0
SVN,2025-08-01,0.0,0.0
SWE,2025-08-01,0.0,0.0
SWZ,2025-08-01,0.0,0.0
SYC,2025-08-01,0.0,0.0
SYR,2025-08-01,1.0,0.0
TCD,2025-08-01,0.0,0.0
TGO,2025-08-01,0.0,0.0
THA,2025-08-01,0.0,0.0
TJK,2025-08-01,0.0,0.0
TKM,2025-08-01,0.0,0.0
TLS,2025-08-01,0.0,0.0
TON,2025-08-01,0.0,0.0
TTO,2025-08-01,0.0,0.0
TUN,2025-08-01,0.0,0.0
TUR,2025-08-01,0.0,0.0
TZA,2025-08-01,0.0,0.0
UGA,2025-08-01,0.0,0.0
UKR,2025-08-01,0.0,0.0
URY,2025-08-01,0.0,0.0
USA,2025-08-01,0.0,0.0
UZB,2025-08-01,0.0,0.0
VEN,2025-08-01,0.0,0.0
VNM,2025-08-01,0.0,0.0
VUT,2025-08-01,0.0,0.0
WSM,2025-08-01,0.0,0.0
YEM,2025-08-01,0.0,0.0
ZAF,2025-08-01,0.0,0.0
ZMB,2025-08-01,0.0,0.0
ZWE,2025-08-01,0.0,0.0
AFG,2025-09-01,1.0,0.0
AGO,2025-09-01,0.0,0.0
ALB,2025-09-01,0.0,0.0
ARE,2025-09-01,0.0,0.0
ARG,2025-09-01,0.0,0.0
ARM,2025-09-01,0.0,0.0
AUS,2025-09-01,0.0,0.0
AUT,2025-09-01,0.0,0.0
AZE,2025-09-01,0.0,0.0
BDI,2025-09-01,0.0,0.0
BEL,2025-09-01,0.0,0.0
BEN,2025-09-01,0.0,0.0
BFA,2025-09-01,0.0,0.0
BGD,2025-09-01,0.0,0.0
BGR,2025-09-01,0.0,0.0
BHR,2025-09-01,0.0,0.0
BHS,2025-09-01,0.0,0.0
BIH,2025-09-01,0.0,0.0
BLR,2025-09-01,0.0,0.0
BLZ,2025-09-01,0.0,0.0
BOL,2025-09-01,0.0,0.0
BRA,2025-09-01,0.0,0.0
BRB,2025-09-01,0.0,0.0
BRN,2025-09-01,0.0,0.0
BTN,2025-09-01,0.0,0.0
BWA,2025-09-01,0.0,0.0
CAF,2025-09-01,0.0,0.0
CAN,2025-09-01,0.0,0.0
CHE,2025-09-01,0.0,0.0
CHL,2025-09-01,0.0,0.0
CHN,2025-09-01,0.0,0.0
CIV,2025-09-01,0.0,0.0
CMR,2025-09-01,0.0,0.0
COL,2025-09-01,0.0,0.0
COM,2025-09-01,0.0,0.0
CRI,2025-09-01,0.0,0.0
CUB,2025-09-01,0.0,0.0
CYP,2025-09-01,0.0,0.0
CZE,2025-09-01,0.0,0.0
DEU,2025-09-01,0.0,0.0
DJI,2025-09-01,0.0,0.0
DNK,2025-09-01,0.0,0.0
DOM,2025-09-01,0.0,0.0
DZA,2025-09-01,0.0,0.0
ECU,2025-09-01,0.0,0.0
EGY,2025-09-01,0.0,0.0
ERI,2025-09-01,0.0,0.0
ESP,2025-09-01,0.0,0.0
EST,2025-09-01,0.0,0.0
FIN,2025-09-01,0.0,0.0
FJI,2025-09-01,0.0,0.0
FRA,2025-09-01,0.0,0.0
GAB,2025-09-01,0.0,0.0
GBR,2025-09-01,0.0,0.0
GEO,2025-09-01,0.0,0.0
GHA,2025-09-01,0.0,0.0
GIN,2025-09-01,0.0,0.0
GMB,2025-09-01,0.0,0.0
GNB,2025-09-01,0.0,0.0
GNQ,2025-09-01,0.0,0.0
GRC,2025-09-01,0.0,0.0
GRD,2025-09-01,0.0,0.0
GTM,2025-09-01,0.0,0.0
GUY,2025-09-01,0.0,0.0
HND,2025-09-01,0.0,0.0
HRV,2025-09-01,0.0,0.0
HUN,2025-09-01,0.0,0.0
IDN,2025-09-01,0.0,0.0
IND,2025-09-01,0.0,0.0
IRL,2025-09-01,0.0,0.0
IRN,2025-09-01,0.0,0.0
IRQ,2025-09-01,0.0,0.0
ISL,2025-09-01,0.0,0.0
ISR,2025-09-01,0.0,0.0
ITA,2025-09-01,0.0,0.0
JAM,2025-09-01,0.0,0.0
JOR,2025-09-01,0.0,0.0
JPN,2025-09-01,0.0,0.0
KAZ,2025-09-01,0.0,0.0
KEN,2025-09-01,0.0,0.0
KGZ,2025-09-01,0.0,0.0
KHM,2025-09-01,0.0,0.0
KOR,2025-09-01,0.0,0.0
KWT,2025-09-01,0.0,0.0
LAO,2025-09-01,0.0,0.0
LBN,2025-09-01,0.0,0.0
LBR,2025-09-01,0.0,0.0
LBY,2025-09-01,0.0,0.0
LKA,2025-09-01,0.0,0.0
LSO,2025-09-01,0.0,0.0
LTU,2025-09-01,0.0,0.0
LUX,2025-09-01,0.0,0.0
LVA,2025-09-01,0.0,0.0
MAR,2025-09-01,0.0,0.0
MDA,2025-09-01,0.0,0.0
MDG,2025-09-01,0.0,0.0
MDV,2025-09-01,0.0,0.0
MEX,2025-09-01,0.0,0.0
MKD,2025-09-01,0.0,0.0
MLI,2025-09-01,0.0,0.0
MLT,2025-09-01,0.0,0.0
MMR,2025-09-01,0.0,0.0
MNE,2025-09-01,0.0,0.0
MNG,2025-09-01,0.0,0.0
MRT,2025-09-01,0.0,0.0
MUS,2025-09-01,0.0,0.0
MWI,2025-09-01,0.0,0.0
MYS,2025-09-01,0.0,0.0
NAM,2025-09-01,0.0,0.0
NER,2025-09-01,0.0,0.0
NGA,2025-09-01,0.0,0.0
NIC,2025-09-01,0.0,0.0
NLD,2025-09-01,0.0,0.0
NOR,2025-09-01,0.0,0.0
NPL,2025-09-01,0.0,0.0
NZL,2025-09-01,0.0,0.0
OMN,2025-09-01,0.0,0.0
PAK,2025-09-01,1.0,0.0
PAN,2025-09-01,0.0,0.0
PER,2025-09-01,0.0,0.0
PHL,2025-09-01,0.0,0.0
PNG,2025-09-01,0.0,0.0
POL,2025-09-01,0.0,0.0
PRK,2025-09-01,0.0,0.0
PRT,2025-09-01,0.0,0.0
PRY,2025-09-01,0.0,0.0
QAT,2025-09-01,0.0,0.0
ROU,2025-09-01,0.0,0.0
RUS,2025-09-01,0.0,0.0
RWA,2025-09-01,0.0,0.0
SAU,2025-09-01,0.0,0.0
SEN,2025-09-01,0.0,0.0
SGP,2025-09-01,0.0,0.0
SLB,2025-09-01,0.0,0.0
SLE,2025-09-01,0.0,0.0
SLV,2025-09-01,0.0,0.0
SRB,2025-09-01,0.0,0.0
STP,2025-09-01,0.0,0.0
SVK,2025-09-01,0.0,0.0
SVN,2025-09-01,0.0,0.0
SWE,2025-09-01,0.0,0.0
SWZ,2025-09-01,0.0,0.0
SYC,2025-09-01,0.0,0.0
SYR,2025-09-01,1.0,0.0
TCD,2025-09-01,0.0,0.0
TGO,2025-09-01,0.0,0.0
THA,2025-09-01,0.0,0.0
TJK,2025-09-01,0.0,0.0
TKM,2025-09-01,0.0,0.0
TLS,2025-09-01,0.0,0.0
TON,2025-09-01,0.0,0.0
TTO,2025-09-01,0.0,0.0
TUN,2025-09-01,0.0,0.0
TUR,2025-09-01,0.0,0.0
TZA,2025-09-01,0.0,0.0
UGA,2025-09-01,0.0,0.0
UKR,2025-09-01,0.0,0.0
URY,2025-09-01,0.0,0.0
USA,2025-09-01,0.0,0.0
UZB,2025-09-01,0.0,0.0
VEN,2025-09-01,0.0,0.0
VNM,2025-09-01,0.0,0.0
VUT,2025-09-01,0.0,0.0
WSM,2025-09-01,0.0,0.0
YEM,2025-09-01,0.0,0.0
ZAF,2025-09-01,0.0,0.0
ZMB,2025-09-01,0.0,0.0
ZWE,2025-09-01,0.0,0.0
AFG,2025-10-01,0.0,0.0
AGO,2025-10-01,0.0,0.0
ALB,2025-10-01,0.0,0.0
ARE,2025-10-01,0.0,0.0
ARG,2025-10-01,0.0,0.0
ARM,2025-10-01,0.0,0.0
AUS,2025-10-01,0.0,0.0
AUT,2025-10-01,0.0,0.0
AZE,2025-10-01,0.0,0.0
BDI,2025-10-01,0.0,0.0
BEL,2025-10-01,0.0,0.0
BEN,2025-10-01,0.0,0.0
BFA,2025-10-01,0.0,0.0
BGD,2025-10-01,0.0,0.0
BGR,2025-10-01,0.0,0.0
BHR,2025-10-01,0.0,0.0
BHS,2025-10-01,0.0,0.0
BIH,2025-10-01,0.0,0.0
BLR,2025-10-01,0.0,0.0
BLZ,2025-10-01,0.0,0.0
BOL,2025-10-01,0.0,0.0
BRA,2025-10-01,0.0,0.0
BRB,2025-10-01,0.0,0.0
BRN,2025-10-01,0.0,0.0
BTN,2025-10-01,0.0,0.0
BWA,2025-10-01,0.0,0.0
CAF,2025-10-01,0.0,0.0
CAN,2025-10-01,0.0,0.0
CHE,2025-10-01,0.0,0.0
CHL,2025-10-01,0.0,0.0
CHN,2025-10-01,0.0,0.0
CIV,2025-10-01,0.0,0.0
CMR,2025-10-01,0.0,0.0
COL,2025-10-01,0.0,0.0
COM,2025-10-01,0.0,0.0
CRI,2025-10-01,0.0,0.0
CUB,2025-10-01,0.0,0.0
CYP,2025-10-01,0.0,0.0
CZE,2025-10-01,0.0,0.0
DEU,2025-10-01,0.0,0.0
DJI,2025-10-01,0.0,0.0
DNK,2025-10-01,0.0,0.0
DOM,2025-10-01,0.0,0.0
DZA,2025-10-01,0.0,0.0
ECU,2025-10-01,0.0,0.0
EGY,2025-10-01,0.0,0.0
ERI,2025-10-01,0.0,0.0
ESP,2025-10-01,0.0,0.0
EST,2025-10-01,0.0,0.0
FIN,2025-10-01,0.0,0.0
FJI,2025-10-01,0.0,0.0
FRA,2025-10-01,0.0,0.0
GAB,2025-10-01,0.0,0.0
GBR,2025-10-01,0.0,0.0
GEO,2025-10-01,0.0,0.0
GHA,2025-10-01,0.0,0.0
GIN,2025-10-01,0.0,0.0
GMB,2025-10-01,0.0,0.0
GNB,2025-10-01,0.0,0.0
GNQ,2025-10-01,0.0,0.0
GRC,2025-10-01,0.0,0.0
GRD,2025-10-01,0.0,0.0
GTM,2025-10-01,0.0,0.0
GUY,2025-10-01,0.0,0.0
HND,2025-10-01,0.0,0.0
HRV,2025-10-01,0.0,0.0
HUN,2025-10-01,0.0,0.0
IDN,2025-10-01,0.0,0.0
IND,2025-10-01,0.0,0.0
IRL,2025-10-01,0.0,0.0
IRN,2025-10-01,0.0,0.0
IRQ,2025-10-01,0.0,0.0
ISL,2025-10-01,0.0,0.0
ISR,2025-10-01,0.0,0.0
ITA,2025-10-01,0.0,0.0
JAM,2025-10-01,0.0,0.0
JOR,2025-10-01,0.0,0.0
JPN,2025-10-01,0.0,0.0
KAZ,2025-10-01,0.0,0.0
KEN,2025-10-01,0.0,0.0
KGZ,2025-10-01,0.0,0.0
KHM,2025-10-01,1.0,0.0
KOR,2025-10-01,0.0,0.0
KWT,2025-10-01,0.0,0.0
LAO,2025-10-01,0.0,0.0
LBN,2025-10-01,0.0,0.0
LBR,2025-10-01,0.0,0.0
LBY,2025-10-01,0.0,0.0
LKA,2025-10-01,0.0,0.0
LSO,2025-10-01,0.0,0.0
LTU,2025-10-01,0.0,0.0
LUX,2025-10-01,0.0,0.0
LVA,2025-10-01,0.0,0.0
MAR,2025-10-01,0.0,0.0
MDA,2025-10-01,0.0,0.0
MDG,2025-10-01,0.0,0.0
MDV,2025-10-01,0.0,0.0
MEX,2025-10-01,0.0,0.0
MKD,2025-10-01,0.0,0.0
MLI,2025-10-01,0.0,0.0
MLT,2025-10-01,0.0,0.0
MMR,2025-10-01,1.0,0.0
MNE,2025-10-01,0.0,0.0
MNG,2025-10-01,0.0,0.0
MRT,2025-10-01,0.0,0.0
MUS,2025-10-01,0.0,0.0
MWI,2025-10-01,0.0,0.0
MYS,2025-10-01,0.0,0.0
NAM,2025-10-01,0.0,0.0
NER,2025-10-01,0.0,0.0
NGA,2025-10-01,0.0,0.0
NIC,2025-10-01,0.0,0.0
NLD,2025-10-01,0.0,0.0
NOR,2025-10-01,0.0,0.0
NPL,2025-10-01,0.0,0.0
NZL,2025-10-01,0.0,0.0
OMN,2025-10-01,0.0,0.0
PAN,2025-10-01,0.0,0.0
PER,2025-10-01,0.0,0.0
PHL,2025-10-01,0.0,0.0
PNG,2025-10-01,0.0,0.0
POL,2025-10-01,0.0,0.0
PRK,2025-10-01,0.0,0.0
PRT,2025-10-01,0.0,0.0
PRY,2025-10-01,0.0,0.0
QAT,2025-10-01,0.0,0.0
ROU,2025-10-01,0.0,0.0
RUS,2025-10-01,0.0,0.0
RWA,2025-10-01,0.0,0.0
SAU,2025-10-01,0.0,0.0
SEN,2025-10-01,0.0,0.0
SGP,2025-10-01,0.0,0.0
SLB,2025-10-01,0.0,0.0
SLE,2025-10-01,0.0,0.0
SLV,2025-10-01,0.0,0.0
SRB,2025-10-01,0.0,0.0
STP,2025-10-01,0.0,0.0
SVK,2025-10-01,0.0,0.0
SVN,2025-10-01,0.0,0.0
SWE,2025-10-01,0.0,0.0
SWZ,2025-10-01,0.0,0.0
SYC,2025-10-01,0.0,0.0
TCD,2025-10-01,0.0,0.0
TGO,2025-10-01,0.0,0.0
THA,2025-10-01,1.0,0.0
TJK,2025-10-01,0.0,0.0
TKM,2025-10-01,0.0,0.0
TLS,2025-10-01,0.0,0.0
TON,2025-10-01,0.0,0.0
TTO,2025-10-01,0.0,0.0
TUN,2025-10-01,0.0,0.0
TUR,2025-10-01,0.0,0.0
TZA,2025-10-01,0.0,0.0
UGA,2025-10-01,0.0,0.0
UKR,2025-10-01,0.0,0.0
URY,2025-10-01,0.0,0.0
USA,2025-10-01,0.0,0.0
UZB,2025-10-01,0.0,0.0
VEN,2025-10-01,0.0,0.0
VNM,2025-10-01,0.0,0.0
VUT,2025-10-01,0.0,0.0
WSM,2025-10-01,0.0,0.0
YEM,2025-10-01,0.0,0.0
ZAF,2025-10-01,0.0,0.0
ZMB,2025-10-01,0.0,0.0
ZWE,2025-10-01,0.0,0.0
AFG,2025-11-01,0.0,0.0
AGO,2025-11-01,0.0,0.0
ALB,2025-11-01,0.0,0.0
ARE,2025-11-01,0.0,0.0
ARG,2025-11-01,0.0,0.0
ARM,2025-11-01,0.0,0.0
AUS,2025-11-01,0.0,0.0
AUT,2025-11-01,0.0,0.0
AZE,2025-11-01,0.0,0.0
BDI,2025-11-01,0.0,0.0
BEL,2025-11-01,0.0,0.0
BEN,2025-11-01,0.0,0.0
BFA,2025-11-01,0.0,0.0
BGD,2025-11-01,0.0,0.0
BGR,2025-11-01,0.0,0.0
BHR,2025-11-01,0.0,0.0
BHS,2025-11-01,0.0,0.0
BIH,2025-11-01,0.0,0.0
BLR,2025-11-01,0.0,0.0
BLZ,2025-11-01,0.0,0.0
BOL,2025-11-01,0.0,0.0
BRA,2025-11-01,0.0,0.0
BRB,2025-11-01,0.0,0.0
BRN,2025-11-01,0.0,0.0
BTN,2025-11-01,0.0,0.0
BWA,2025-11-01,0.0,0.0
CAF,2025-11-01,0.0,0.0
CAN,2025-11-01,0.0,0.0
CHE,2025-11-01,0.0,0.0
CHL,2025-11-01,0.0,0.0
CHN,2025-11-01,0.0,0.0
CIV,2025-11-01,0.0,0.0
CMR,2025-11-01,0.0,0.0
COL,2025-11-01,0.0,0.0
COM,2025-11-01,0.0,0.0
CRI,2025-11-01,0.0,0.0
CUB,2025-11-01,0.0,0.0
CYP,2025-11-01,0.0,0.0
CZE,2025-11-01,0.0,0.0
DEU,2025-11-01,0.0,0.0
DJI,2025-11-01,0.0,0.0
DNK,2025-11-01,0.0,0.0
DOM,2025-11-01,0.0,0.0
DZA,2025-11-01,0.0,0.0
ECU,2025-11-01,0.0,0.0
EGY,2025-11-01,0.0,0.0
ERI,2025-11-01,0.0,0.0
ESP,2025-11-01,0.0,0.0
EST,2025-11-01,0.0,0.0
FIN,2025-11-01,0.0,0.0
FJI,2025-11-01,0.0,0.0
FRA,2025-11-01,0.0,0.0
GAB,2025-11-01,0.0,0.0
GBR,2025-11-01,0.0,0.0
GEO,2025-11-01,0.0,0.0
GHA,2025-11-01,0.0,0.0
GIN,2025-11-01,0.0,0.0
GMB,2025-11-01,0.0,0.0
GNB,2025-11-01,0.0,0.0
GNQ,2025-11-01,0.0,0.0
GRC,2025-11-01,0.0,0.0
GRD,2025-11-01,0.0,0.0
GTM,2025-11-01,0.0,0.0
GUY,2025-11-01,0.0,0.0
HND,2025-11-01,0.0,0.0
HRV,2025-11-01,0.0,0.0
HUN,2025-11-01,0.0,0.0
IDN,2025-11-01,0.0,0.0
IND,2025-11-01,0.0,0.0
IRL,2025-11-01,0.0,0.0
IRN,2025-11-01,0.0,0.0
IRQ,2025-11-01,0.0,0.0
ISL,2025-11-01,0.0,0.0
ISR,2025-11-01,0.0,0.0
ITA,2025-11-01,0.0,0.0
JAM,2025-11-01,0.0,0.0
JOR,2025-11-01,0.0,0.0
JPN,2025-11-01,0.0,0.0
KAZ,2025-11-01,0.0,0.0
KEN,2025-11-01,0.0,0.0
KGZ,2025-11-01,0.0,0.0
KHM,2025-11-01,1.0,0.0
KOR,2025-11-01,0.0,0.0
KWT,2025-11-01,0.0,0.0
LAO,2025-11-01,0.0,0.0
LBN,2025-11-01,0.0,0.0
LBR,2025-11-01,0.0,0.0
LBY,2025-11-01,0.0,0.0
LKA,2025-11-01,0.0,0.0
LSO,2025-11-01,0.0,0.0
LTU,2025-11-01,0.0,0.0
LUX,2025-11-01,0.0,0.0
LVA,2025-11-01,0.0,0.0
MAR,2025-11-01,0.0,0.0
MDA,2025-11-01,0.0,0.0
MDG,2025-11-01,0.0,0.0
MDV,2025-11-01,0.0,0.0
MEX,2025-11-01,0.0,0.0
MKD,2025-11-01,0.0,0.0
MLI,2025-11-01,0.0,0.0
MLT,2025-11-01,0.0,0.0
MMR,2025-11-01,1.0,0.0
MNE,2025-11-01,0.0,0.0
MNG,2025-11-01,0.0,0.0
MRT,2025-11-01,0.0,0.0
MUS,2025-11-01,0.0,0.0
MWI,2025-11-01,0.0,0.0
MYS,2025-11-01,0.0,0.0
NAM,2025-11-01,0.0,0.0
NER,2025-11-01,0.0,0.0
NGA,2025-11-01,1.0,0.0
NIC,2025-11-01,0.0,0.0
NLD,2025-11-01,0.0,0.0
NOR,2025-11-01,0.0,0.0
NPL,2025-11-01,0.0,0.0
NZL,2025-11-01,0.0,0.0
OMN,2025-11-01,0.0,0.0
PAK,2025-11-01,0.0,0.0
PAN,2025-11-01,0.0,0.0
PER,2025-11-01,0.0,0.0
PHL,2025-11-01,0.0,0.0
PNG,2025-11-01,0.0,0.0
POL,2025-11-01,0.0,0.0
PRK,2025-11-01,0.0,0.0
PRT,2025-11-01,0.0,0.0
PRY,2025-11-01,0.0,0.0
QAT,2025-11-01,0.0,0.0
ROU,2025-11-01,0.0,0.0
RUS,2025-11-01,0.0,0.0
RWA,2025-11-01,0.0,0.0
SAU,2025-11-01,0.0,0.0
SEN,2025-11-01,0.0,0.0
SGP,2025-11-01,0.0,0.0
SLB,2025-11-01,0.0,0.0
SLE,2025-11-01,0.0,0.0
SLV,2025-11-01,0.0,0.0
SOM,2025-11-01,0.0,0.0
SRB,2025-11-01,0.0,0.0
STP,2025-11-01,0.0,0.0
SVK,2025-11-01,0.0,0.0
SVN,2025-11-01,0.0,0.0
SWE,2025-11-01,0.0,0.0
SWZ,2025-11-01,0.0,0.0
SYC,2025-11-01,0.0,0.0
TCD,2025-11-01,0.0,0.0
TGO,2025-11-01,0.0,0.0
THA,2025-11-01,1.0,0.0
TJK,2025-11-01,0.0,0.0
TKM,2025-11-01,0.0,0.0
TLS,2025-11-01,0.0,0.0
TON,2025-11-01,0.0,0.0
TTO,2025-11-01,0.0,0.0
TUN,2025-11-01,0.0,0.0
TUR,2025-11-01,0.0,0.0
TZA,2025-11-01,0.0,0.0
UGA,2025-11-01,0.0,0.0
UKR,2025-11-01,0.0,0.0
URY,2025-11-01,0.0,0.0
USA,2025-11-01,0.0,0.0
UZB,2025-11-01,0.0,0.0
VEN,2025-11-01,0.0,0.0
VNM,2025-11-01,0.0,0.0
VUT,2025-11-01,0.0,0.0
WSM,2025-11-01,0.0,0.0
YEM,2025-11-01,0.0,0.0
ZAF,2025-11-01,0.0,0.0
ZMB,2025-11-01,0.0,0.0
ZWE,2025-11-01,0.0,0.0
AFG,2025-12-01,0.0,0.0
AGO,2025-12-01,0.0,0.0
ALB,2025-12-01,0.0,0.0
ARE,2025-12-01,0.0,0.0
ARG,2025-12-01,0.0,0.0
ARM,2025-12-01,0.0,0.0
AUS,2025-12-01,0.0,0.0
AUT,2025-12-01,0.0,0.0
AZE,2025-12-01,0.0,0.0
BDI,2025-12-01,0.0,0.0
BEL,2025-12-01,0.0,0.0
BEN,2025-12-01,0.0,0.0
BFA,2025-12-01,0.0,0.0
BGD,2025-12-01,0.0,0.0
BGR,2025-12-01,0.0,0.0
BHR,2025-12-01,0.0,0.0
BHS,2025-12-01,0.0,0.0
BIH,2025-12-01,0.0,0.0
BLR,2025-12-01,0.0,0.0
BLZ,2025-12-01,0.0,0.0
BOL,2025-12-01,0.0,0.0
BRA,2025-12-01,0.0,0.0
BRB,2025-12-01,0.0,0.0
BRN,2025-12-01,0.0,0.0
BTN,2025-12-01,0.0,0.0
BWA,2025-12-01,0.0,0.0
CAF,2025-12-01,0.0,0.0
CAN,2025-12-01,0.0,0.0
CHE,2025-12-01,0.0,0.0
CHL,2025-12-01,0.0,0.0
CHN,2025-12-01,0.0,0.0
CIV,2025-12-01,0.0,0.0
CMR,2025-12-01,0.0,0.0
COL,2025-12-01,0.0,0.0
COM,2025-12-01,0.0,0.0
CRI,2025-12-01,0.0,0.0
CUB,2025-12-01,0.0,0.0
CYP,2025-12-01,0.0,0.0
CZE,2025-12-01,0.0,0.0
DEU,2025-12-01,0.0,0.0
DJI,2025-12-01,0.0,0.0
DNK,2025-12-01,0.0,0.0
DOM,2025-12-01,0.0,0.0
DZA,2025-12-01,0.0,0.0
ECU,2025-12-01,0.0,0.0
EGY,2025-12-01,0.0,0.0
ERI,2025-12-01,0.0,0.0
ESP,2025-12-01,0.0,0.0
EST,2025-12-01,0.0,0.0
ETH,2025-12-01,0.0,0.0
FIN,2025-12-01,0.0,0.0
FJI,2025-12-01,0.0,0.0
FRA,2025-12-01,0.0,0.0
GAB,2025-12-01,0.0,0.0
GBR,2025-12-01,0.0,0.0
GEO,2025-12-01,0.0,0.0
GHA,2025-12-01,0.0,0.0
GIN,2025-12-01,0.0,0.0
GMB,2025-12-01,0.0,0.0
GNB,2025-12-01,0.0,0.0
GNQ,2025-12-01,0.0,0.0
GRC,2025-12-01,0.0,0.0
GRD,2025-12-01,0.0,0.0
GTM,2025-12-01,0.0,0.0
GUY,2025-12-01,0.0,0.0
HND,2025-12-01,0.0,0.0
HRV,2025-12-01,0.0,0.0
HTI,2025-12-01,0.0,0.0
HUN,2025-12-01,0.0,0.0
IDN,2025-12-01,0.0,0.0
IND,2025-12-01,0.0,0.0
IRL,2025-12-01,0.0,0.0
IRN,2025-12-01,1.0,0.0
IRQ,2025-12-01,0.0,0.0
ISL,2025-12-01,0.0,0.0
ISR,2025-12-01,0.0,0.0
ITA,2025-12-01,0.0,0.0
JAM,2025-12-01,0.0,0.0
JOR,2025-12-01,0.0,0.0
JPN,2025-12-01,0.0,0.0
KAZ,2025-12-01,0.0,0.0
KEN,2025-12-01,0.0,0.0
KGZ,2025-12-01,0.0,0.0
KHM,2025-12-01,0.0,0.0
KOR,2025-12-01,0.0,0.0
KWT,2025-12-01,0.0,0.0
LAO,2025-12-01,0.0,0.0
LBN,2025-12-01,0.0,0.0
LBR,2025-12-01,0.0,0.0
LBY,2025-12-01,0.0,0.0
LKA,2025-12-01,0.0,0.0
LSO,2025-12-01,0.0,0.0
LTU,2025-12-01,0.0,0.0
LUX,2025-12-01,0.0,0.0
LVA,2025-12-01,0.0,0.0
MAR,2025-12-01,0.0,0.0
MDA,2025-12-01,0.0,0.0
MDG,2025-12-01,0.0,0.0
MDV,2025-12-01,0.0,0.0
MEX,2025-12-01,0.0,0.0
MKD,2025-12-01,0.0,0.0
MLI,2025-12-01,0.0,0.0
MLT,2025-12-01,0.0,0.0
MNE,2025-12-01,0.0,0.0
MNG,2025-12-01,0.0,0.0
MRT,2025-12-01,0.0,0.0
MUS,2025-12-01,0.0,0.0
MWI,2025-12-01,0.0,0.0
MYS,2025-12-01,0.0,0.0
NAM,2025-12-01,0.0,0.0
NER,2025-12-01,0.0,0.0
NGA,2025-12-01,1.0,0.0
NIC,2025-12-01,0.0,0.0
NLD,2025-12-01,0.0,0.0
NOR,2025-12-01,0.0,0.0
NPL,2025-12-01,0.0,0.0
NZL,2025-12-01,0.0,0.0
OMN,2025-12-01,0.0,0.0
PAK,2025-12-01,0.0,0.0
PAN,2025-12-01,0.0,0.0
PER,2025-12-01,0.0,0.0
PHL,2025-12-01,0.0,0.0
PNG,2025-12-01,0.0,0.0
POL,2025-12-01,0.0,0.0
PRK,2025-12-01,0.0,0.0
PRT,2025-12-01,0.0,0.0
PRY,2025-12-01,0.0,0.0
QAT,2025-12-01,0.0,0.0
ROU,2025-12-01,0.0,0.0
RUS,2025-12-01,0.0,0.0
RWA,2025-12-01,0.0,0.0
SAU,2025-12-01,0.0,0.0
SEN,2025-12-01,0.0,0.0
SGP,2025-12-01,0.0,0.0
SLB,2025-12-01,0.0,0.0
SLE,2025-12-01,0.0,0.0
SLV,2025-12-01,0.0,0.0
SOM,2025-12-01,0.0,0.0
SRB,2025-12-01,0.0,0.0
STP,2025-12-01,0.0,0.0
SVK,2025-12-01,0.0,0.0
SVN,2025-12-01,0.0,0.0
SWE,2025-12-01,0.0,0.0
SWZ,2025-12-01,0.0,0.0
SYC,2025-12-01,0.0,0.0
TCD,2025-12-01,0.0,0.0
TGO,2025-12-01,0.0,0.0
THA,2025-12-01,0.0,0.0
TJK,2025-12-01,0.0,0.0
TKM,2025-12-01,0.0,0.0
TLS,2025-12-01,0.0,0.0
TON,2025-12-01,0.0,0.0
TTO,2025-12-01,0.0,0.0
TUN,2025-12-01,0.0,0.0
TUR,2025-12-01,0.0,0.0
TZA,2025-12-01,0.0,0.0
UGA,2025-12-01,0.0,0.0
UKR,2025-12-01,0.0,0.0
URY,2025-12-01,0.0,0.0
USA,2025-12-01,0.0,0.0
UZB,2025-12-01,0.0,0.0
VEN,2025-12-01,0.0,0.0
VNM,2025-12-01,0.0,0.0
VUT,2025-12-01,0.0,0.0
WSM,2025-12-01,0.0,0.0
YEM,2025-12-01,0.0,0.0
ZAF,2025-12-01,0.0,0.0
ZMB,2025-12-01,0.0,0.0
ZWE,2025-12-01,0.0,0.0
AFG,2026-01-01,1.0,0.0
AGO,2026-01-01,0.0,0.0
ALB,2026-01-01,0.0,0.0
ARE,2026-01-01,0.0,0.0
ARG,2026-01-01,0.0,0.0
ARM,2026-01-01,0.0,0.0
AUS,2026-01-01,0.0,0.0
AUT,2026-01-01,0.0,0.0
AZE,2026-01-01,0.0,0.0
BDI,2026-01-01,0.0,0.0
BEL,2026-01-01,0.0,0.0
BEN,2026-01-01,0.0,0.0
BFA,2026-01-01,0.0,0.0
BGD,2026-01-01,0.0,0.0
BGR,2026-01-01,0.0,0.0
BHR,2026-01-01,0.0,0.0
BHS,2026-01-01,0.0,0.0
BIH,2026-01-01,0.0,0.0
BLR,2026-01-01,0.0,0.0
BLZ,2026-01-01,0.0,0.0
BOL,2026-01-01,0.0,0.0
BRA,2026-01-01,0.0,0.0
BRB,2026-01-01,0.0,0.0
BRN,2026-01-01,0.0,0.0
BTN,2026-01-01,0.0,0.0
BWA,2026-01-01,0.0,0.0
CAF,2026-01-01,0.0,0.0
CAN,2026-01-01,0.0,0.0
CHE,2026-01-01,0.0,0.0
CHL,2026-01-01,0.0,0.0
CHN,2026-01-01,0.0,0.0
CIV,2026-01-01,0.0,0.0
CMR,2026-01-01,0.0,0.0
COL,2026-01-01,0.0,0.0
COM,2026-01-01,0.0,0.0
CRI,2026-01-01,0.0,0.0
CUB,2026-01-01,0.0,0.0
CYP,2026-01-01,0.0,0.0
CZE,2026-01-01,0.0,0.0
DEU,2026-01-01,0.0,0.0
DJI,2026-01-01,0.0,0.0
DNK,2026-01-01,0.0,0.0
DOM,2026-01-01,0.0,0.0
DZA,2026-01-01,0.0,0.0
ECU,2026-01-01,0.0,0.0
EGY,2026-01-01,0.0,0.0
ERI,2026-01-01,0.0,0.0
ESP,2026-01-01,0.0,0.0
EST,2026-01-01,0.0,0.0
ETH,2026-01-01,0.0,0.0
FIN,2026-01-01,0.0,0.0
FJI,2026-01-01,0.0,0.0
FRA,2026-01-01,0.0,0.0
GAB,2026-01-01,0.0,0.0
GBR,2026-01-01,0.0,0.0
GEO,2026-01-01,0.0,0.0
GHA,2026-01-01,0.0,0.0
GIN,2026-01-01,0.0,0.0
GMB,2026-01-01,0.0,0.0
GNB,2026-01-01,0.0,0.0
GNQ,2026-01-01,0.0,0.0
GRC,2026-01-01,0.0,0.0
GRD,2026-01-01,0.0,0.0
GTM,2026-01-01,0.0,0.0
GUY,2026-01-01,0.0,0.0
HND,2026-01-01,0.0,0.0
HRV,2026-01-01,0.0,0.0
HTI,2026-01-01,0.0,0.0
HUN,2026-01-01,0.0,0.0
IDN,2026-01-01,0.0,0.0
IND,2026-01-01,0.0,0.0
IRL,2026-01-01,0.0,0.0
IRN,2026-01-01,1.0,0.0
IRQ,2026-01-01,0.0,0.0
ISL,2026-01-01,0.0,0.0
ISR,2026-01-01,0.0,0.0
ITA,2026-01-01,0.0,0.0
JAM,2026-01-01,0.0,0.0
JOR,2026-01-01,0.0,0.0
JPN,2026-01-01,0.0,0.0
KAZ,2026-01-01,0.0,0.0
KEN,2026-01-01,0.0,0.0
KGZ,2026-01-01,0.0,0.0
KHM,2026-01-01,0.0,0.0
KOR,2026-01-01,0.0,0.0
KWT,2026-01-01,0.0,0.0
LAO,2026-01-01,0.0,0.0
LBN,2026-01-01,1.0,0.0
LBR,2026-01-01,0.0,0.0
LBY,2026-01-01,0.0,0.0
LKA,2026-01-01,0.0,0.0
LSO,2026-01-01,0.0,0.0
LTU,2026-01-01,0.0,0.0
LUX,2026-01-01,0.0,0.0
LVA,2026-01-01,0.0,0.0
MAR,2026-01-01,0.0,0.0
MDA,2026-01-01,0.0,0.0
MDG,2026-01-01,0.0,0.0
MDV,2026-01-01,0.0,0.0
MEX,2026-01-01,0.0,0.0
MKD,2026-01-01,0.0,0.0
MLI,2026-01-01,0.0,0.0
MLT,2026-01-01,0.0,0.0
MMR,2026-01-01,0.0,0.0
MNE,2026-01-01,0.0,0.0
MNG,2026-01-01,0.0,0.0
MOZ,2026-01-01,0.0,0.0
MRT,2026-01-01,0.0,0.0
MUS,2026-01-01,0.0,0.0
MWI,2026-01-01,0.0,0.0
MYS,2026-01-01,0.0,0.0
NAM,2026-01-01,0.0,0.0
NER,2026-01-01,0.0,0.0
NIC,2026-01-01,0.0,0.0
NLD,2026-01-01,0.0,0.0
NOR,2026-01-01,0.0,0.0
NPL,2026-01-01,0.0,0.0
NZL,2026-01-01,0.0,0.0
OMN,2026-01-01,0.0,0.0
PAK,2026-01-01,0.0,0.0
PAN,2026-01-01,0.0,0.0
PER,2026-01-01,0.0,0.0
PHL,2026-01-01,0.0,0.0
PNG,2026-01-01,0.0,0.0
POL,2026-01-01,0.0,0.0
PRK,2026-01-01,0.0,0.0
PRT,2026-01-01,0.0,0.0
PRY,2026-01-01,0.0,0.0
QAT,2026-01-01,0.0,0.0
ROU,2026-01-01,0.0,0.0
RUS,2026-01-01,0.0,0.0
RWA,2026-01-01,0.0,0.0
SAU,2026-01-01,0.0,0.0
SEN,2026-01-01,0.0,0.0
SGP,2026-01-01,0.0,0.0
SLB,2026-01-01,0.0,0.0
SLE,2026-01-01,0.0,0.0
SLV,2026-01-01,0.0,0.0
SOM,2026-01-01,0.0,0.0
SRB,2026-01-01,0.0,0.0
STP,2026-01-01,0.0,0.0
SVK,2026-01-01,0.0,0.0
SVN,2026-01-01,0.0,0.0
SWE,2026-01-01,0.0,0.0
SWZ,2026-01-01,0.0,0.0
SYC,2026-01-01,0.0,0.0
SYR,2026-01-01,0.0,0.0
TCD,2026-01-01,0.0,0.0
TGO,2026-01-01,0.0,0.0
THA,2026-01-01,0.0,0.0
TJK,2026-01-01,0.0,0.0
TKM,2026-01-01,0.0,0.0
TLS,2026-01-01,0.0,0.0
TON,2026-01-01,0.0,0.0
TTO,2026-01-01,0.0,0.0
TUN,2026-01-01,0.0,0.0
TUR,2026-01-01,0.0,0.0
TZA,2026-01-01,0.0,0.0
UGA,2026-01-01,0.0,0.0
UKR,2026-01-01,0.0,0.0
URY,2026-01-01,0.0,0.0
USA,2026-01-01,0.0,0.0
UZB,2026-01-01,0.0,0.0
VEN,2026-01-01,0.0,0.0
VNM,2026-01-01,0.0,0.0
VUT,2026-01-01,0.0,0.0
WSM,2026-01-01,0.0,0.0
YEM,2026-01-01,0.0,0.0
ZAF,2026-01-01,0.0,0.0
ZMB,2026-01-01,0.0,0.0
ZWE,2026-01-01,0.0,0.0
AFG,2026-02-01,1.0,0.0
AGO,2026-02-01,0.0,0.0
ALB,2026-02-01,0.0,0.0
ARE,2026-02-01,0.0,0.0
ARG,2026-02-01,0.0,0.0
ARM,2026-02-01,0.0,0.0
AUS,2026-02-01,0.0,0.0
AUT,2026-02-01,0.0,0.0
AZE,2026-02-01,0.0,0.0
BDI,2026-02-01,0.0,0.0
BEL,2026-02-01,0.0,0.0
BEN,2026-02-01,0.0,0.0
BFA,2026-02-01,0.0,0.0
BGD,2026-02-01,0.0,0.0
BGR,2026-02-01,0.0,0.0
BHR,2026-02-01,0.0,0.0
BHS,2026-02-01,0.0,0.0
BIH,2026-02-01,0.0,0.0
BLR,2026-02-01,0.0,0.0
BLZ,2026-02-01,0.0,0.0
BOL,2026-02-01,0.0,0.0
BRA,2026-02-01,0.0,0.0
BRB,2026-02-01,0.0,0.0
BRN,2026-02-01,0.0,0.0
BTN,2026-02-01,0.0,0.0
BWA,2026-02-01,0.0,0.0
CAF,2026-02-01,0.0,0.0
CAN,2026-02-01,0.0,0.0
CHE,2026-02-01,0.0,0.0
CHL,2026-02-01,0.0,0.0
CHN,2026-02-01,0.0,0.0
CIV,2026-02-01,0.0,0.0
CMR,2026-02-01,0.0,0.0
COD,2026-02-01,0.0,0.0
COL,2026-02-01,0.0,0.0
COM,2026-02-01,0.0,0.0
CRI,2026-02-01,0.0,0.0
CUB,2026-02-01,0.0,0.0
CYP,2026-02-01,0.0,0.0
CZE,2026-02-01,0.0,0.0
DEU,2026-02-01,0.0,0.0
DJI,2026-02-01,0.0,0.0
DNK,2026-02-01,0.0,0.0
DOM,2026-02-01,0.0,0.0
DZA,2026-02-01,0.0,0.0
ECU,2026-02-01,0.0,0.0
EGY,2026-02-01,0.0,0.0
ERI,2026-02-01,0.0,0.0
ESP,2026-02-01,0.0,0.0
EST,2026-02-01,0.0,0.0
ETH,2026-02-01,0.0,0.0
FIN,2026-02-01,0.0,0.0
FJI,2026-02-01,0.0,0.0
FRA,2026-02-01,0.0,0.0
GAB,2026-02-01,0.0,0.0
GBR,2026-02-01,0.0,0.0
GEO,2026-02-01,0.0,0.0
GHA,2026-02-01,0.0,0.0
GIN,2026-02-01,0.0,0.0
GMB,2026-02-01,0.0,0.0
GNB,2026-02-01,0.0,0.0
GNQ,2026-02-01,0.0,0.0
GRC,2026-02-01,0.0,0.0
GRD,2026-02-01,0.0,0.0
GTM,2026-02-01,0.0,0.0
GUY,2026-02-01,0.0,0.0
HND,2026-02-01,0.0,0.0
HRV,2026-02-01,0.0,0.0
HTI,2026-02-01,0.0,0.0
HUN,2026-02-01,0.0,0.0
IDN,2026-02-01,0.0,0.0
IND,2026-02-01,0.0,0.0
IRL,2026-02-01,0.0,0.0
IRQ,2026-02-01,0.0,0.0
ISL,2026-02-01,0.0,0.0
ISR,2026-02-01,0.0,0.0
ITA,2026-02-01,0.0,0.0
JAM,2026-02-01,0.0,0.0
JOR,2026-02-01,0.0,0.0
JPN,2026-02-01,0.0,0.0
KAZ,2026-02-01,0.0,0.0
KEN,2026-02-01,0.0,0.0
KGZ,2026-02-01,0.0,0.0
KHM,2026-02-01,0.0,0.0
KOR,2026-02-01,0.0,0.0
KWT,2026-02-01,0.0,0.0
LAO,2026-02-01,0.0,0.0
LBN,2026-02-01,1.0,0.0
LBR,2026-02-01,0.0,0.0
LBY,2026-02-01,0.0,0.0
LKA,2026-02-01,0.0,0.0
LSO,2026-02-01,0.0,0.0
LTU,2026-02-01,0.0,0.0
LUX,2026-02-01,0.0,0.0
LVA,2026-02-01,0.0,0.0
MAR,2026-02-01,0.0,0.0
MDA,2026-02-01,0.0,0.0
MDG,2026-02-01,0.0,0.0
MDV,2026-02-01,0.0,0.0
MEX,2026-02-01,0.0,0.0
MKD,2026-02-01,0.0,0.0
MLI,2026-02-01,0.0,0.0
MLT,2026-02-01,0.0,0.0
MMR,2026-02-01,0.0,0.0
MNE,2026-02-01,0.0,0.0
MNG,2026-02-01,0.0,0.0
MOZ,2026-02-01,0.0,0.0
MRT,2026-02-01,0.0,0.0
MUS,2026-02-01,0.0,0.0
MWI,2026-02-01,0.0,0.0
MYS,2026-02-01,0.0,0.0
NAM,2026-02-01,0.0,0.0
NER,2026-02-01,0.0,0.0
NIC,2026-02-01,0.0,0.0
NLD,2026-02-01,0.0,0.0
NOR,2026-02-01,0.0,0.0
NPL,2026-02-01,0.0,0.0
NZL,2026-02-01,0.0,0.0
OMN,2026-02-01,0.0,0.0
PAK,2026-02-01,0.0,0.0
PAN,2026-02-01,0.0,0.0
PER,2026-02-01,0.0,0.0
PHL,2026-02-01,0.0,0.0
PNG,2026-02-01,0.0,0.0
POL,2026-02-01,0.0,0.0
PRK,2026-02-01,0.0,0.0
PRT,2026-02-01,0.0,0.0
PRY,2026-02-01,0.0,0.0
PSE,2026-02-01,0.0,0.0
QAT,2026-02-01,0.0,0.0
ROU,2026-02-01,0.0,0.0
RUS,2026-02-01,0.0,0.0
RWA,2026-02-01,0.0,0.0
SAU,2026-02-01,0.0,0.0
SDN,2026-02-01,0.0,0.0
SEN,2026-02-01,0.0,0.0
SGP,2026-02-01,0.0,0.0
SLB,2026-02-01,0.0,0.0
SLE,2026-02-01,0.0,0.0
SLV,2026-02-01,0.0,0.0
SOM,2026-02-01,0.0,0.0
SRB,2026-02-01,0.0,0.0
SSD,2026-02-01,0.0,0.0
STP,2026-02-01,0.0,0.0
SVK,2026-02-01,0.0,0.0
SVN,2026-02-01,0.0,0.0
SWE,2026-02-01,0.0,0.0
SWZ,2026-02-01,0.0,0.0
SYC,2026-02-01,0.0,0.0
SYR,2026-02-01,0.0,0.0
TCD,2026-02-01,0.0,0.0
TGO,2026-02-01,0.0,0.0
THA,2026-02-01,0.0,0.0
TJK,2026-02-01,0.0,0.0
TKM,2026-02-01,0.0,0.0
TLS,2026-02-01,0.0,0.0
TON,2026-02-01,0.0,0.0
TTO,2026-02-01,0.0,0.0
TUN,2026-02-01,0.0,0.0
TUR,2026-02-01,0.0,0.0
TZA,2026-02-01,0.0,0.0
UGA,2026-02-01,0.0,0.0
UKR,2026-02-01,0.0,0.0
URY,2026-02-01,0.0,0.0
USA,2026-02-01,0.0,0.0
UZB,2026-02-01,0.0,0.0
VEN,2026-02-01,0.0,0.0
VNM,2026-02-01,0.0,0.0
VUT,2026-02-01,0.0,0.0
WSM,2026-02-01,0.0,0.0
YEM,2026-02-01,0.0,0.0
ZAF,2026-02-01,0.0,0.0
ZMB,2026-02-01,0.0,0.0
ZWE,2026-02-01,0.0,0.0
